agent,team_manager,active_date
Agent0001,TL1,2025-01-01
Agent0002,TL1,2025-01-01
Agent0003,TL1,2025-01-01
Agent0004,TL1,2025-01-01
Agent0005,TL1,2025-01-01
Agent0006,TL1,2025-01-01
Agent0007,TL1,2025-01-01
Agent0008,TL1,2025-01-01
Agent0009,TL1,2025-01-01
Agent0010,TL1,2025-01-02
Agent0011,TL1,2025-01-02
Agent0012,TL1,2025-01-02
Agent0013,TL1,2025-01-02
Agent0014,TL1,2025-01-02
Agent0015,TL1,2025-01-02
Agent0016,TL1,2025-01-02
Agent0017,TL1,2025-01-02
Agent0018,TL1,2025-01-03
Agent0019,TL1,2025-01-03
Agent0020,TL1,2025-01-03
Agent0021,TL1,2025-01-03
Agent0022,TL1,2025-01-03
Agent0023,TL1,2025-01-03
Agent0024,TL1,2025-01-03
Agent0025,TL1,2025-01-03
Agent0026,TL1,2025-01-03
Agent0027,TL1,2025-01-04
Agent0028,TL1,2025-01-04
Agent0029,TL1,2025-01-04
Agent0030,TL1,2025-01-04
Agent0031,TL1,2025-01-04
Agent0032,TL1,2025-01-04
Agent0033,TL1,2025-01-04
Agent0034,TL1,2025-01-04
Agent0035,TL1,2025-01-05
Agent0036,TL1,2025-01-05
Agent0037,TL1,2025-01-05
Agent0038,TL1,2025-01-05
Agent0039,TL1,2025-01-05
Agent0040,TL1,2025-01-05
Agent0041,TL1,2025-01-05
Agent0042,TL1,2025-01-05
Agent0043,TL1,2025-01-06
Agent0044,TL1,2025-01-06
Agent0045,TL1,2025-01-06
Agent0046,TL1,2025-01-06
Agent0047,TL1,2025-01-06
Agent0048,TL1,2025-01-06
Agent0049,TL1,2025-01-06
Agent0050,TL1,2025-01-06
Agent0051,TL2,2025-01-06
Agent0052,TL2,2025-01-07
Agent0053,TL2,2025-01-07
Agent0054,TL2,2025-01-07
Agent0055,TL2,2025-01-07
Agent0056,TL2,2025-01-07
Agent0057,TL2,2025-01-07
Agent0058,TL2,2025-01-07
Agent0059,TL2,2025-01-07
Agent0060,TL2,2025-01-08
Agent0061,TL2,2025-01-08
Agent0062,TL2,2025-01-08
Agent0063,TL2,2025-01-08
Agent0064,TL2,2025-01-08
Agent0065,TL2,2025-01-08
Agent0066,TL2,2025-01-08
Agent0067,TL2,2025-01-08
Agent0068,TL2,2025-01-09
Agent0069,TL2,2025-01-09
Agent0070,TL2,2025-01-09
Agent0071,TL2,2025-01-09
Agent0072,TL2,2025-01-09
Agent0073,TL2,2025-01-09
Agent0074,TL2,2025-01-09
Agent0075,TL2,2025-01-09
Agent0076,TL2,2025-01-09
Agent0077,TL2,2025-01-10
Agent0078,TL2,2025-01-10
Agent0079,TL2,2025-01-10
Agent0080,TL2,2025-01-10
Agent0081,TL2,2025-01-10
Agent0082,TL2,2025-01-10
Agent0083,TL2,2025-01-10
Agent0084,TL2,2025-01-10
Agent0085,TL2,2025-01-11
Agent0086,TL2,2025-01-11
Agent0087,TL2,2025-01-11
Agent0088,TL2,2025-01-11
Agent0089,TL2,2025-01-11
Agent0090,TL2,2025-01-11
Agent0091,TL2,2025-01-11
Agent0092,TL2,2025-01-11
Agent0093,TL2,2025-01-12
Agent0094,TL2,2025-01-12
Agent0095,TL2,2025-01-12
Agent0096,TL2,2025-01-12
Agent0097,TL2,2025-01-12
Agent0098,TL2,2025-01-12
Agent0099,TL2,2025-01-12
Agent0100,TL2,2025-01-12
Agent0101,TL3,2025-01-12
Agent0102,TL3,2025-01-13
Agent0103,TL3,2025-01-13
Agent0104,TL3,2025-01-13
Agent0105,TL3,2025-01-13
Agent0106,TL3,2025-01-13
Agent0107,TL3,2025-01-13
Agent0108,TL3,2025-01-13
Agent0109,TL3,2025-01-13
Agent0110,TL3,2025-01-14
Agent0111,TL3,2025-01-14
Agent0112,TL3,2025-01-14
Agent0113,TL3,2025-01-14
Agent0114,TL3,2025-01-14
Agent0115,TL3,2025-01-14
Agent0116,TL3,2025-01-14
Agent0117,TL3,2025-01-14
Agent0118,TL3,2025-01-15
Agent0119,TL3,2025-01-15
Agent0120,TL3,2025-01-15
Agent0121,TL3,2025-01-15
Agent0122,TL3,2025-01-15
Agent0123,TL3,2025-01-15
Agent0124,TL3,2025-01-15
Agent0125,TL3,2025-01-15
Agent0126,TL3,2025-01-15
Agent0127,TL3,2025-01-16
Agent0128,TL3,2025-01-16
Agent0129,TL3,2025-01-16
Agent0130,TL3,2025-01-16
Agent0131,TL3,2025-01-16
Agent0132,TL3,2025-01-16
Agent0133,TL3,2025-01-16
Agent0134,TL3,2025-01-16
Agent0135,TL3,2025-01-17
Agent0136,TL3,2025-01-17
Agent0137,TL3,2025-01-17
Agent0138,TL3,2025-01-17
Agent0139,TL3,2025-01-17
Agent0140,TL3,2025-01-17
Agent0141,TL3,2025-01-17
Agent0142,TL3,2025-01-17
Agent0143,TL3,2025-01-18
Agent0144,TL3,2025-01-18
Agent0145,TL3,2025-01-18
Agent0146,TL3,2025-01-18
Agent0147,TL3,2025-01-18
Agent0148,TL3,2025-01-18
Agent0149,TL3,2025-01-18
Agent0150,TL3,2025-01-18
Agent0151,TL4,2025-01-18
Agent0152,TL4,2025-01-19
Agent0153,TL4,2025-01-19
Agent0154,TL4,2025-01-19
Agent0155,TL4,2025-01-19
Agent0156,TL4,2025-01-19
Agent0157,TL4,2025-01-19
Agent0158,TL4,2025-01-19
Agent0159,TL4,2025-01-19
Agent0160,TL4,2025-01-20
Agent0161,TL4,2025-01-20
Agent0162,TL4,2025-01-20
Agent0163,TL4,2025-01-20
Agent0164,TL4,2025-01-20
Agent0165,TL4,2025-01-20
Agent0166,TL4,2025-01-20
Agent0167,TL4,2025-01-20
Agent0168,TL4,2025-01-21
Agent0169,TL4,2025-01-21
Agent0170,TL4,2025-01-21
Agent0171,TL4,2025-01-21
Agent0172,TL4,2025-01-21
Agent0173,TL4,2025-01-21
Agent0174,TL4,2025-01-21
Agent0175,TL4,2025-01-21
Agent0176,TL4,2025-01-21
Agent0177,TL4,2025-01-22
Agent0178,TL4,2025-01-22
Agent0179,TL4,2025-01-22
Agent0180,TL4,2025-01-22
Agent0181,TL4,2025-01-22
Agent0182,TL4,2025-01-22
Agent0183,TL4,2025-01-22
Agent0184,TL4,2025-01-22
Agent0185,TL4,2025-01-23
Agent0186,TL4,2025-01-23
Agent0187,TL4,2025-01-23
Agent0188,TL4,2025-01-23
Agent0189,TL4,2025-01-23
Agent0190,TL4,2025-01-23
Agent0191,TL4,2025-01-23
Agent0192,TL4,2025-01-23
Agent0193,TL4,2025-01-24
Agent0194,TL4,2025-01-24
Agent0195,TL4,2025-01-24
Agent0196,TL4,2025-01-24
Agent0197,TL4,2025-01-24
Agent0198,TL4,2025-01-24
Agent0199,TL4,2025-01-24
Agent0200,TL4,2025-01-24
Agent0201,TL5,2025-01-24
Agent0202,TL5,2025-01-25
Agent0203,TL5,2025-01-25
Agent0204,TL5,2025-01-25
Agent0205,TL5,2025-01-25
Agent0206,TL5,2025-01-25
Agent0207,TL5,2025-01-25
Agent0208,TL5,2025-01-25
Agent0209,TL5,2025-01-25
Agent0210,TL5,2025-01-26
Agent0211,TL5,2025-01-26
Agent0212,TL5,2025-01-26
Agent0213,TL5,2025-01-26
Agent0214,TL5,2025-01-26
Agent0215,TL5,2025-01-26
Agent0216,TL5,2025-01-26
Agent0217,TL5,2025-01-26
Agent0218,TL5,2025-01-27
Agent0219,TL5,2025-01-27
Agent0220,TL5,2025-01-27
Agent0221,TL5,2025-01-27
Agent0222,TL5,2025-01-27
Agent0223,TL5,2025-01-27
Agent0224,TL5,2025-01-27
Agent0225,TL5,2025-01-27
Agent0226,TL5,2025-01-27
Agent0227,TL5,2025-01-28
Agent0228,TL5,2025-01-28
Agent0229,TL5,2025-01-28
Agent0230,TL5,2025-01-28
Agent0231,TL5,2025-01-28
Agent0232,TL5,2025-01-28
Agent0233,TL5,2025-01-28
Agent0234,TL5,2025-01-28
Agent0235,TL5,2025-01-29
Agent0236,TL5,2025-01-29
Agent0237,TL5,2025-01-29
Agent0238,TL5,2025-01-29
Agent0239,TL5,2025-01-29
Agent0240,TL5,2025-01-29
Agent0241,TL5,2025-01-29
Agent0242,TL5,2025-01-29
Agent0243,TL5,2025-01-30
Agent0244,TL5,2025-01-30
Agent0245,TL5,2025-01-30
Agent0246,TL5,2025-01-30
Agent0247,TL5,2025-01-30
Agent0248,TL5,2025-01-30
Agent0249,TL5,2025-01-30
Agent0250,TL5,2025-01-30
Agent0251,TL6,2025-01-30
Agent0252,TL6,2025-01-31
Agent0253,TL6,2025-01-31
Agent0254,TL6,2025-01-31
Agent0255,TL6,2025-01-31
Agent0256,TL6,2025-01-31
Agent0257,TL6,2025-01-31
Agent0258,TL6,2025-01-31
Agent0259,TL6,2025-01-31
Agent0260,TL6,2025-02-01
Agent0261,TL6,2025-02-01
Agent0262,TL6,2025-02-01
Agent0263,TL6,2025-02-01
Agent0264,TL6,2025-02-01
Agent0265,TL6,2025-02-01
Agent0266,TL6,2025-02-01
Agent0267,TL6,2025-02-01
Agent0268,TL6,2025-02-02
Agent0269,TL6,2025-02-02
Agent0270,TL6,2025-02-02
Agent0271,TL6,2025-02-02
Agent0272,TL6,2025-02-02
Agent0273,TL6,2025-02-02
Agent0274,TL6,2025-02-02
Agent0275,TL6,2025-02-02
Agent0276,TL6,2025-02-02
Agent0277,TL6,2025-02-03
Agent0278,TL6,2025-02-03
Agent0279,TL6,2025-02-03
Agent0280,TL6,2025-02-03
Agent0281,TL6,2025-02-03
Agent0282,TL6,2025-02-03
Agent0283,TL6,2025-02-03
Agent0284,TL6,2025-02-03
Agent0285,TL6,2025-02-04
Agent0286,TL6,2025-02-04
Agent0287,TL6,2025-02-04
Agent0288,TL6,2025-02-04
Agent0289,TL6,2025-02-04
Agent0290,TL6,2025-02-04
Agent0291,TL6,2025-02-04
Agent0292,TL6,2025-02-04
Agent0293,TL6,2025-02-05
Agent0294,TL6,2025-02-05
Agent0295,TL6,2025-02-05
Agent0296,TL6,2025-02-05
Agent0297,TL6,2025-02-05
Agent0298,TL6,2025-02-05
Agent0299,TL6,2025-02-05
Agent0300,TL6,2025-02-05
Agent0301,TL7,2025-02-05
Agent0302,TL7,2025-02-06
Agent0303,TL7,2025-02-06
Agent0304,TL7,2025-02-06
Agent0305,TL7,2025-02-06
Agent0306,TL7,2025-02-06
Agent0307,TL7,2025-02-06
Agent0308,TL7,2025-02-06
Agent0309,TL7,2025-02-06
Agent0310,TL7,2025-02-07
Agent0311,TL7,2025-02-07
Agent0312,TL7,2025-02-07
Agent0313,TL7,2025-02-07
Agent0314,TL7,2025-02-07
Agent0315,TL7,2025-02-07
Agent0316,TL7,2025-02-07
Agent0317,TL7,2025-02-07
Agent0318,TL7,2025-02-08
Agent0319,TL7,2025-02-08
Agent0320,TL7,2025-02-08
Agent0321,TL7,2025-02-08
Agent0322,TL7,2025-02-08
Agent0323,TL7,2025-02-08
Agent0324,TL7,2025-02-08
Agent0325,TL7,2025-02-08
Agent0326,TL7,2025-02-08
Agent0327,TL7,2025-02-09
Agent0328,TL7,2025-02-09
Agent0329,TL7,2025-02-09
Agent0330,TL7,2025-02-09
Agent0331,TL7,2025-02-09
Agent0332,TL7,2025-02-09
Agent0333,TL7,2025-02-09
Agent0334,TL7,2025-02-09
Agent0335,TL7,2025-02-10
Agent0336,TL7,2025-02-10
Agent0337,TL7,2025-02-10
Agent0338,TL7,2025-02-10
Agent0339,TL7,2025-02-10
Agent0340,TL7,2025-02-10
Agent0341,TL7,2025-02-10
Agent0342,TL7,2025-02-10
Agent0343,TL7,2025-02-11
Agent0344,TL7,2025-02-11
Agent0345,TL7,2025-02-11
Agent0346,TL7,2025-02-11
Agent0347,TL7,2025-02-11
Agent0348,TL7,2025-02-11
Agent0349,TL7,2025-02-11
Agent0350,TL7,2025-02-11
Agent0351,TL8,2025-02-11
Agent0352,TL8,2025-02-12
Agent0353,TL8,2025-02-12
Agent0354,TL8,2025-02-12
Agent0355,TL8,2025-02-12
Agent0356,TL8,2025-02-12
Agent0357,TL8,2025-02-12
Agent0358,TL8,2025-02-12
Agent0359,TL8,2025-02-12
Agent0360,TL8,2025-02-13
Agent0361,TL8,2025-02-13
Agent0362,TL8,2025-02-13
Agent0363,TL8,2025-02-13
Agent0364,TL8,2025-02-13
Agent0365,TL8,2025-02-13
Agent0366,TL8,2025-02-13
Agent0367,TL8,2025-02-13
Agent0368,TL8,2025-02-13
Agent0369,TL8,2025-02-14
Agent0370,TL8,2025-02-14
Agent0371,TL8,2025-02-14
Agent0372,TL8,2025-02-14
Agent0373,TL8,2025-02-14
Agent0374,TL8,2025-02-14
Agent0375,TL8,2025-02-14
Agent0376,TL8,2025-02-14
Agent0377,TL8,2025-02-15
Agent0378,TL8,2025-02-15
Agent0379,TL8,2025-02-15
Agent0380,TL8,2025-02-15
Agent0381,TL8,2025-02-15
Agent0382,TL8,2025-02-15
Agent0383,TL8,2025-02-15
Agent0384,TL8,2025-02-15
Agent0385,TL8,2025-02-16
Agent0386,TL8,2025-02-16
Agent0387,TL8,2025-02-16
Agent0388,TL8,2025-02-16
Agent0389,TL8,2025-02-16
Agent0390,TL8,2025-02-16
Agent0391,TL8,2025-02-16
Agent0392,TL8,2025-02-16
Agent0393,TL8,2025-02-16
Agent0394,TL8,2025-02-17
Agent0395,TL8,2025-02-17
Agent0396,TL8,2025-02-17
Agent0397,TL8,2025-02-17
Agent0398,TL8,2025-02-17
Agent0399,TL8,2025-02-17
Agent0400,TL8,2025-02-17
Agent0401,TL9,2025-02-17
Agent0402,TL9,2025-02-18
Agent0403,TL9,2025-02-18
Agent0404,TL9,2025-02-18
Agent0405,TL9,2025-02-18
Agent0406,TL9,2025-02-18
Agent0407,TL9,2025-02-18
Agent0408,TL9,2025-02-18
Agent0409,TL9,2025-02-18
Agent0410,TL9,2025-02-19
Agent0411,TL9,2025-02-19
Agent0412,TL9,2025-02-19
Agent0413,TL9,2025-02-19
Agent0414,TL9,2025-02-19
Agent0415,TL9,2025-02-19
Agent0416,TL9,2025-02-19
Agent0417,TL9,2025-02-19
Agent0418,TL9,2025-02-19
Agent0419,TL9,2025-02-20
Agent0420,TL9,2025-02-20
Agent0421,TL9,2025-02-20
Agent0422,TL9,2025-02-20
Agent0423,TL9,2025-02-20
Agent0424,TL9,2025-02-20
Agent0425,TL9,2025-02-20
Agent0426,TL9,2025-02-20
Agent0427,TL9,2025-02-21
Agent0428,TL9,2025-02-21
Agent0429,TL9,2025-02-21
Agent0430,TL9,2025-02-21
Agent0431,TL9,2025-02-21
Agent0432,TL9,2025-02-21
Agent0433,TL9,2025-02-21
Agent0434,TL9,2025-02-21
Agent0435,TL9,2025-02-22
Agent0436,TL9,2025-02-22
Agent0437,TL9,2025-02-22
Agent0438,TL9,2025-02-22
Agent0439,TL9,2025-02-22
Agent0440,TL9,2025-02-22
Agent0441,TL9,2025-02-22
Agent0442,TL9,2025-02-22
Agent0443,TL9,2025-02-22
Agent0444,TL9,2025-02-23
Agent0445,TL9,2025-02-23
Agent0446,TL9,2025-02-23
Agent0447,TL9,2025-02-23
Agent0448,TL9,2025-02-23
Agent0449,TL9,2025-02-23
Agent0450,TL9,2025-02-23
Agent0451,TL10,2025-02-23
Agent0452,TL10,2025-02-24
Agent0453,TL10,2025-02-24
Agent0454,TL10,2025-02-24
Agent0455,TL10,2025-02-24
Agent0456,TL10,2025-02-24
Agent0457,TL10,2025-02-24
Agent0458,TL10,2025-02-24
Agent0459,TL10,2025-02-24
Agent0460,TL10,2025-02-25
Agent0461,TL10,2025-02-25
Agent0462,TL10,2025-02-25
Agent0463,TL10,2025-02-25
Agent0464,TL10,2025-02-25
Agent0465,TL10,2025-02-25
Agent0466,TL10,2025-02-25
Agent0467,TL10,2025-02-25
Agent0468,TL10,2025-02-25
Agent0469,TL10,2025-02-26
Agent0470,TL10,2025-02-26
Agent0471,TL10,2025-02-26
Agent0472,TL10,2025-02-26
Agent0473,TL10,2025-02-26
Agent0474,TL10,2025-02-26
Agent0475,TL10,2025-02-26
Agent0476,TL10,2025-02-26
Agent0477,TL10,2025-02-27
Agent0478,TL10,2025-02-27
Agent0479,TL10,2025-02-27
Agent0480,TL10,2025-02-27
Agent0481,TL10,2025-02-27
Agent0482,TL10,2025-02-27
Agent0483,TL10,2025-02-27
Agent0484,TL10,2025-02-27
Agent0485,TL10,2025-02-28
Agent0486,TL10,2025-02-28
Agent0487,TL10,2025-02-28
Agent0488,TL10,2025-02-28
Agent0489,TL10,2025-02-28
Agent0490,TL10,2025-02-28
Agent0491,TL10,2025-02-28
Agent0492,TL10,2025-02-28
Agent0493,TL10,2025-02-28
Agent0494,TL10,2025-03-01
Agent0495,TL10,2025-03-01
Agent0496,TL10,2025-03-01
Agent0497,TL10,2025-03-01
Agent0498,TL10,2025-03-01
Agent0499,TL10,2025-03-01
Agent0500,TL10,2025-03-01
Agent0501,TL11,2025-03-01
Agent0502,TL11,2025-03-02
Agent0503,TL11,2025-03-02
Agent0504,TL11,2025-03-02
Agent0505,TL11,2025-03-02
Agent0506,TL11,2025-03-02
Agent0507,TL11,2025-03-02
Agent0508,TL11,2025-03-02
Agent0509,TL11,2025-03-02
Agent0510,TL11,2025-03-03
Agent0511,TL11,2025-03-03
Agent0512,TL11,2025-03-03
Agent0513,TL11,2025-03-03
Agent0514,TL11,2025-03-03
Agent0515,TL11,2025-03-03
Agent0516,TL11,2025-03-03
Agent0517,TL11,2025-03-03
Agent0518,TL11,2025-03-03
Agent0519,TL11,2025-03-04
Agent0520,TL11,2025-03-04
Agent0521,TL11,2025-03-04
Agent0522,TL11,2025-03-04
Agent0523,TL11,2025-03-04
Agent0524,TL11,2025-03-04
Agent0525,TL11,2025-03-04
Agent0526,TL11,2025-03-04
Agent0527,TL11,2025-03-05
Agent0528,TL11,2025-03-05
Agent0529,TL11,2025-03-05
Agent0530,TL11,2025-03-05
Agent0531,TL11,2025-03-05
Agent0532,TL11,2025-03-05
Agent0533,TL11,2025-03-05
Agent0534,TL11,2025-03-05
Agent0535,TL11,2025-03-06
Agent0536,TL11,2025-03-06
Agent0537,TL11,2025-03-06
Agent0538,TL11,2025-03-06
Agent0539,TL11,2025-03-06
Agent0540,TL11,2025-03-06
Agent0541,TL11,2025-03-06
Agent0542,TL11,2025-03-06
Agent0543,TL11,2025-03-06
Agent0544,TL11,2025-03-07
Agent0545,TL11,2025-03-07
Agent0546,TL11,2025-03-07
Agent0547,TL11,2025-03-07
Agent0548,TL11,2025-03-07
Agent0549,TL11,2025-03-07
Agent0550,TL11,2025-03-07
Agent0551,TL12,2025-03-07
Agent0552,TL12,2025-03-08
Agent0553,TL12,2025-03-08
Agent0554,TL12,2025-03-08
Agent0555,TL12,2025-03-08
Agent0556,TL12,2025-03-08
Agent0557,TL12,2025-03-08
Agent0558,TL12,2025-03-08
Agent0559,TL12,2025-03-08
Agent0560,TL12,2025-03-09
Agent0561,TL12,2025-03-09
Agent0562,TL12,2025-03-09
Agent0563,TL12,2025-03-09
Agent0564,TL12,2025-03-09
Agent0565,TL12,2025-03-09
Agent0566,TL12,2025-03-09
Agent0567,TL12,2025-03-09
Agent0568,TL12,2025-03-09
Agent0569,TL12,2025-03-10
Agent0570,TL12,2025-03-10
Agent0571,TL12,2025-03-10
Agent0572,TL12,2025-03-10
Agent0573,TL12,2025-03-10
Agent0574,TL12,2025-03-10
Agent0575,TL12,2025-03-10
Agent0576,TL12,2025-03-10
Agent0577,TL12,2025-03-11
Agent0578,TL12,2025-03-11
Agent0579,TL12,2025-03-11
Agent0580,TL12,2025-03-11
Agent0581,TL12,2025-03-11
Agent0582,TL12,2025-03-11
Agent0583,TL12,2025-03-11
Agent0584,TL12,2025-03-11
Agent0585,TL12,2025-03-12
Agent0586,TL12,2025-03-12
Agent0587,TL12,2025-03-12
Agent0588,TL12,2025-03-12
Agent0589,TL12,2025-03-12
Agent0590,TL12,2025-03-12
Agent0591,TL12,2025-03-12
Agent0592,TL12,2025-03-12
Agent0593,TL12,2025-03-12
Agent0594,TL12,2025-03-13
Agent0595,TL12,2025-03-13
Agent0596,TL12,2025-03-13
Agent0597,TL12,2025-03-13
Agent0598,TL12,2025-03-13
Agent0599,TL12,2025-03-13
Agent0600,TL12,2025-03-13
Agent0601,TL13,2025-03-13
Agent0602,TL13,2025-03-14
Agent0603,TL13,2025-03-14
Agent0604,TL13,2025-03-14
Agent0605,TL13,2025-03-14
Agent0606,TL13,2025-03-14
Agent0607,TL13,2025-03-14
Agent0608,TL13,2025-03-14
Agent0609,TL13,2025-03-14
Agent0610,TL13,2025-03-15
Agent0611,TL13,2025-03-15
Agent0612,TL13,2025-03-15
Agent0613,TL13,2025-03-15
Agent0614,TL13,2025-03-15
Agent0615,TL13,2025-03-15
Agent0616,TL13,2025-03-15
Agent0617,TL13,2025-03-15
Agent0618,TL13,2025-03-15
Agent0619,TL13,2025-03-16
Agent0620,TL13,2025-03-16
Agent0621,TL13,2025-03-16
Agent0622,TL13,2025-03-16
Agent0623,TL13,2025-03-16
Agent0624,TL13,2025-03-16
Agent0625,TL13,2025-03-16
Agent0626,TL13,2025-03-16
Agent0627,TL13,2025-03-17
Agent0628,TL13,2025-03-17
Agent0629,TL13,2025-03-17
Agent0630,TL13,2025-03-17
Agent0631,TL13,2025-03-17
Agent0632,TL13,2025-03-17
Agent0633,TL13,2025-03-17
Agent0634,TL13,2025-03-17
Agent0635,TL13,2025-03-18
Agent0636,TL13,2025-03-18
Agent0637,TL13,2025-03-18
Agent0638,TL13,2025-03-18
Agent0639,TL13,2025-03-18
Agent0640,TL13,2025-03-18
Agent0641,TL13,2025-03-18
Agent0642,TL13,2025-03-18
Agent0643,TL13,2025-03-18
Agent0644,TL13,2025-03-19
Agent0645,TL13,2025-03-19
Agent0646,TL13,2025-03-19
Agent0647,TL13,2025-03-19
Agent0648,TL13,2025-03-19
Agent0649,TL13,2025-03-19
Agent0650,TL13,2025-03-19
Agent0651,TL14,2025-03-19
Agent0652,TL14,2025-03-20
Agent0653,TL14,2025-03-20
Agent0654,TL14,2025-03-20
Agent0655,TL14,2025-03-20
Agent0656,TL14,2025-03-20
Agent0657,TL14,2025-03-20
Agent0658,TL14,2025-03-20
Agent0659,TL14,2025-03-20
Agent0660,TL14,2025-03-21
Agent0661,TL14,2025-03-21
Agent0662,TL14,2025-03-21
Agent0663,TL14,2025-03-21
Agent0664,TL14,2025-03-21
Agent0665,TL14,2025-03-21
Agent0666,TL14,2025-03-21
Agent0667,TL14,2025-03-21
Agent0668,TL14,2025-03-21
Agent0669,TL14,2025-03-22
Agent0670,TL14,2025-03-22
Agent0671,TL14,2025-03-22
Agent0672,TL14,2025-03-22
Agent0673,TL14,2025-03-22
Agent0674,TL14,2025-03-22
Agent0675,TL14,2025-03-22
Agent0676,TL14,2025-03-22
Agent0677,TL14,2025-03-23
Agent0678,TL14,2025-03-23
Agent0679,TL14,2025-03-23
Agent0680,TL14,2025-03-23
Agent0681,TL14,2025-03-23
Agent0682,TL14,2025-03-23
Agent0683,TL14,2025-03-23
Agent0684,TL14,2025-03-23
Agent0685,TL14,2025-03-24
Agent0686,TL14,2025-03-24
Agent0687,TL14,2025-03-24
Agent0688,TL14,2025-03-24
Agent0689,TL14,2025-03-24
Agent0690,TL14,2025-03-24
Agent0691,TL14,2025-03-24
Agent0692,TL14,2025-03-24
Agent0693,TL14,2025-03-24
Agent0694,TL14,2025-03-25
Agent0695,TL14,2025-03-25
Agent0696,TL14,2025-03-25
Agent0697,TL14,2025-03-25
Agent0698,TL14,2025-03-25
Agent0699,TL14,2025-03-25
Agent0700,TL14,2025-03-25
Agent0701,TL15,2025-03-25
Agent0702,TL15,2025-03-26
Agent0703,TL15,2025-03-26
Agent0704,TL15,2025-03-26
Agent0705,TL15,2025-03-26
Agent0706,TL15,2025-03-26
Agent0707,TL15,2025-03-26
Agent0708,TL15,2025-03-26
Agent0709,TL15,2025-03-26
Agent0710,TL15,2025-03-27
Agent0711,TL15,2025-03-27
Agent0712,TL15,2025-03-27
Agent0713,TL15,2025-03-27
Agent0714,TL15,2025-03-27
Agent0715,TL15,2025-03-27
Agent0716,TL15,2025-03-27
Agent0717,TL15,2025-03-27
Agent0718,TL15,2025-03-27
Agent0719,TL15,2025-03-28
Agent0720,TL15,2025-03-28
Agent0721,TL15,2025-03-28
Agent0722,TL15,2025-03-28
Agent0723,TL15,2025-03-28
Agent0724,TL15,2025-03-28
Agent0725,TL15,2025-03-28
Agent0726,TL15,2025-03-28
Agent0727,TL15,2025-03-29
Agent0728,TL15,2025-03-29
Agent0729,TL15,2025-03-29
Agent0730,TL15,2025-03-29
Agent0731,TL15,2025-03-29
Agent0732,TL15,2025-03-29
Agent0733,TL15,2025-03-29
Agent0734,TL15,2025-03-29
Agent0735,TL15,2025-03-29
Agent0736,TL15,2025-03-30
Agent0737,TL15,2025-03-30
Agent0738,TL15,2025-03-30
Agent0739,TL15,2025-03-30
Agent0740,TL15,2025-03-30
Agent0741,TL15,2025-03-30
Agent0742,TL15,2025-03-30
Agent0743,TL15,2025-03-30
Agent0744,TL15,2025-03-31
Agent0745,TL15,2025-03-31
Agent0746,TL15,2025-03-31
Agent0747,TL15,2025-03-31
Agent0748,TL15,2025-03-31
Agent0749,TL15,2025-03-31
Agent0750,TL15,2025-03-31
Agent0751,TL16,2025-03-31
Agent0752,TL16,2025-04-01
Agent0753,TL16,2025-04-01
Agent0754,TL16,2025-04-01
Agent0755,TL16,2025-04-01
Agent0756,TL16,2025-04-01
Agent0757,TL16,2025-04-01
Agent0758,TL16,2025-04-01
Agent0759,TL16,2025-04-01
Agent0760,TL16,2025-04-01
Agent0761,TL16,2025-04-02
Agent0762,TL16,2025-04-02
Agent0763,TL16,2025-04-02
Agent0764,TL16,2025-04-02
Agent0765,TL16,2025-04-02
Agent0766,TL16,2025-04-02
Agent0767,TL16,2025-04-02
Agent0768,TL16,2025-04-02
Agent0769,TL16,2025-04-03
Agent0770,TL16,2025-04-03
Agent0771,TL16,2025-04-03
Agent0772,TL16,2025-04-03
Agent0773,TL16,2025-04-03
Agent0774,TL16,2025-04-03
Agent0775,TL16,2025-04-03
Agent0776,TL16,2025-04-03
Agent0777,TL16,2025-04-04
Agent0778,TL16,2025-04-04
Agent0779,TL16,2025-04-04
Agent0780,TL16,2025-04-04
Agent0781,TL16,2025-04-04
Agent0782,TL16,2025-04-04
Agent0783,TL16,2025-04-04
Agent0784,TL16,2025-04-04
Agent0785,TL16,2025-04-04
Agent0786,TL16,2025-04-05
Agent0787,TL16,2025-04-05
Agent0788,TL16,2025-04-05
Agent0789,TL16,2025-04-05
Agent0790,TL16,2025-04-05
Agent0791,TL16,2025-04-05
Agent0792,TL16,2025-04-05
Agent0793,TL16,2025-04-05
Agent0794,TL16,2025-04-06
Agent0795,TL16,2025-04-06
Agent0796,TL16,2025-04-06
Agent0797,TL16,2025-04-06
Agent0798,TL16,2025-04-06
Agent0799,TL16,2025-04-06
Agent0800,TL16,2025-04-06
Agent0801,TL17,2025-04-06
Agent0802,TL17,2025-04-07
Agent0803,TL17,2025-04-07
Agent0804,TL17,2025-04-07
Agent0805,TL17,2025-04-07
Agent0806,TL17,2025-04-07
Agent0807,TL17,2025-04-07
Agent0808,TL17,2025-04-07
Agent0809,TL17,2025-04-07
Agent0810,TL17,2025-04-07
Agent0811,TL17,2025-04-08
Agent0812,TL17,2025-04-08
Agent0813,TL17,2025-04-08
Agent0814,TL17,2025-04-08
Agent0815,TL17,2025-04-08
Agent0816,TL17,2025-04-08
Agent0817,TL17,2025-04-08
Agent0818,TL17,2025-04-08
Agent0819,TL17,2025-04-09
Agent0820,TL17,2025-04-09
Agent0821,TL17,2025-04-09
Agent0822,TL17,2025-04-09
Agent0823,TL17,2025-04-09
Agent0824,TL17,2025-04-09
Agent0825,TL17,2025-04-09
Agent0826,TL17,2025-04-09
Agent0827,TL17,2025-04-10
Agent0828,TL17,2025-04-10
Agent0829,TL17,2025-04-10
Agent0830,TL17,2025-04-10
Agent0831,TL17,2025-04-10
Agent0832,TL17,2025-04-10
Agent0833,TL17,2025-04-10
Agent0834,TL17,2025-04-10
Agent0835,TL17,2025-04-10
Agent0836,TL17,2025-04-11
Agent0837,TL17,2025-04-11
Agent0838,TL17,2025-04-11
Agent0839,TL17,2025-04-11
Agent0840,TL17,2025-04-11
Agent0841,TL17,2025-04-11
Agent0842,TL17,2025-04-11
Agent0843,TL17,2025-04-11
Agent0844,TL17,2025-04-12
Agent0845,TL17,2025-04-12
Agent0846,TL17,2025-04-12
Agent0847,TL17,2025-04-12
Agent0848,TL17,2025-04-12
Agent0849,TL17,2025-04-12
Agent0850,TL17,2025-04-12
Agent0851,TL18,2025-04-12
Agent0852,TL18,2025-04-13
Agent0853,TL18,2025-04-13
Agent0854,TL18,2025-04-13
Agent0855,TL18,2025-04-13
Agent0856,TL18,2025-04-13
Agent0857,TL18,2025-04-13
Agent0858,TL18,2025-04-13
Agent0859,TL18,2025-04-13
Agent0860,TL18,2025-04-13
Agent0861,TL18,2025-04-14
Agent0862,TL18,2025-04-14
Agent0863,TL18,2025-04-14
Agent0864,TL18,2025-04-14
Agent0865,TL18,2025-04-14
Agent0866,TL18,2025-04-14
Agent0867,TL18,2025-04-14
Agent0868,TL18,2025-04-14
Agent0869,TL18,2025-04-15
Agent0870,TL18,2025-04-15
Agent0871,TL18,2025-04-15
Agent0872,TL18,2025-04-15
Agent0873,TL18,2025-04-15
Agent0874,TL18,2025-04-15
Agent0875,TL18,2025-04-15
Agent0876,TL18,2025-04-15
Agent0877,TL18,2025-04-16
Agent0878,TL18,2025-04-16
Agent0879,TL18,2025-04-16
Agent0880,TL18,2025-04-16
Agent0881,TL18,2025-04-16
Agent0882,TL18,2025-04-16
Agent0883,TL18,2025-04-16
Agent0884,TL18,2025-04-16
Agent0885,TL18,2025-04-16
Agent0886,TL18,2025-04-17
Agent0887,TL18,2025-04-17
Agent0888,TL18,2025-04-17
Agent0889,TL18,2025-04-17
Agent0890,TL18,2025-04-17
Agent0891,TL18,2025-04-17
Agent0892,TL18,2025-04-17
Agent0893,TL18,2025-04-17
Agent0894,TL18,2025-04-18
Agent0895,TL18,2025-04-18
Agent0896,TL18,2025-04-18
Agent0897,TL18,2025-04-18
Agent0898,TL18,2025-04-18
Agent0899,TL18,2025-04-18
Agent0900,TL18,2025-04-18
Agent0901,TL19,2025-04-18
Agent0902,TL19,2025-04-19
Agent0903,TL19,2025-04-19
Agent0904,TL19,2025-04-19
Agent0905,TL19,2025-04-19
Agent0906,TL19,2025-04-19
Agent0907,TL19,2025-04-19
Agent0908,TL19,2025-04-19
Agent0909,TL19,2025-04-19
Agent0910,TL19,2025-04-19
Agent0911,TL19,2025-04-20
Agent0912,TL19,2025-04-20
Agent0913,TL19,2025-04-20
Agent0914,TL19,2025-04-20
Agent0915,TL19,2025-04-20
Agent0916,TL19,2025-04-20
Agent0917,TL19,2025-04-20
Agent0918,TL19,2025-04-20
Agent0919,TL19,2025-04-21
Agent0920,TL19,2025-04-21
Agent0921,TL19,2025-04-21
Agent0922,TL19,2025-04-21
Agent0923,TL19,2025-04-21
Agent0924,TL19,2025-04-21
Agent0925,TL19,2025-04-21
Agent0926,TL19,2025-04-21
Agent0927,TL19,2025-04-22
Agent0928,TL19,2025-04-22
Agent0929,TL19,2025-04-22
Agent0930,TL19,2025-04-22
Agent0931,TL19,2025-04-22
Agent0932,TL19,2025-04-22
Agent0933,TL19,2025-04-22
Agent0934,TL19,2025-04-22
Agent0935,TL19,2025-04-22
Agent0936,TL19,2025-04-23
Agent0937,TL19,2025-04-23
Agent0938,TL19,2025-04-23
Agent0939,TL19,2025-04-23
Agent0940,TL19,2025-04-23
Agent0941,TL19,2025-04-23
Agent0942,TL19,2025-04-23
Agent0943,TL19,2025-04-23
Agent0944,TL19,2025-04-24
Agent0945,TL19,2025-04-24
Agent0946,TL19,2025-04-24
Agent0947,TL19,2025-04-24
Agent0948,TL19,2025-04-24
Agent0949,TL19,2025-04-24
Agent0950,TL19,2025-04-24
Agent0951,TL20,2025-04-24
Agent0952,TL20,2025-04-25
Agent0953,TL20,2025-04-25
Agent0954,TL20,2025-04-25
Agent0955,TL20,2025-04-25
Agent0956,TL20,2025-04-25
Agent0957,TL20,2025-04-25
Agent0958,TL20,2025-04-25
Agent0959,TL20,2025-04-25
Agent0960,TL20,2025-04-25
Agent0961,TL20,2025-04-26
Agent0962,TL20,2025-04-26
Agent0963,TL20,2025-04-26
Agent0964,TL20,2025-04-26
Agent0965,TL20,2025-04-26
Agent0966,TL20,2025-04-26
Agent0967,TL20,2025-04-26
Agent0968,TL20,2025-04-26
Agent0969,TL20,2025-04-27
Agent0970,TL20,2025-04-27
Agent0971,TL20,2025-04-27
Agent0972,TL20,2025-04-27
Agent0973,TL20,2025-04-27
Agent0974,TL20,2025-04-27
Agent0975,TL20,2025-04-27
Agent0976,TL20,2025-04-27
Agent0977,TL20,2025-04-28
Agent0978,TL20,2025-04-28
Agent0979,TL20,2025-04-28
Agent0980,TL20,2025-04-28
Agent0981,TL20,2025-04-28
Agent0982,TL20,2025-04-28
Agent0983,TL20,2025-04-28
Agent0984,TL20,2025-04-28
Agent0985,TL20,2025-04-28
Agent0986,TL20,2025-04-29
Agent0987,TL20,2025-04-29
Agent0988,TL20,2025-04-29
Agent0989,TL20,2025-04-29
Agent0990,TL20,2025-04-29
Agent0991,TL20,2025-04-29
Agent0992,TL20,2025-04-29
Agent0993,TL20,2025-04-29
Agent0994,TL20,2025-04-30
Agent0995,TL20,2025-04-30
Agent0996,TL20,2025-04-30
Agent0997,TL20,2025-04-30
Agent0998,TL20,2025-04-30
Agent0999,TL20,2025-04-30
Agent1000,TL20,2025-04-30
Agent1001,TL21,2025-04-30
Agent1002,TL21,2025-05-01
Agent1003,TL21,2025-05-01
Agent1004,TL21,2025-05-01
Agent1005,TL21,2025-05-01
Agent1006,TL21,2025-05-01
Agent1007,TL21,2025-05-01
Agent1008,TL21,2025-05-01
Agent1009,TL21,2025-05-01
Agent1010,TL21,2025-05-01
Agent1011,TL21,2025-05-02
Agent1012,TL21,2025-05-02
Agent1013,TL21,2025-05-02
Agent1014,TL21,2025-05-02
Agent1015,TL21,2025-05-02
Agent1016,TL21,2025-05-02
Agent1017,TL21,2025-05-02
Agent1018,TL21,2025-05-02
Agent1019,TL21,2025-05-03
Agent1020,TL21,2025-05-03
Agent1021,TL21,2025-05-03
Agent1022,TL21,2025-05-03
Agent1023,TL21,2025-05-03
Agent1024,TL21,2025-05-03
Agent1025,TL21,2025-05-03
Agent1026,TL21,2025-05-03
Agent1027,TL21,2025-05-04
Agent1028,TL21,2025-05-04
Agent1029,TL21,2025-05-04
Agent1030,TL21,2025-05-04
Agent1031,TL21,2025-05-04
Agent1032,TL21,2025-05-04
Agent1033,TL21,2025-05-04
Agent1034,TL21,2025-05-04
Agent1035,TL21,2025-05-04
Agent1036,TL21,2025-05-05
Agent1037,TL21,2025-05-05
Agent1038,TL21,2025-05-05
Agent1039,TL21,2025-05-05
Agent1040,TL21,2025-05-05
Agent1041,TL21,2025-05-05
Agent1042,TL21,2025-05-05
Agent1043,TL21,2025-05-05
Agent1044,TL21,2025-05-06
Agent1045,TL21,2025-05-06
Agent1046,TL21,2025-05-06
Agent1047,TL21,2025-05-06
Agent1048,TL21,2025-05-06
Agent1049,TL21,2025-05-06
Agent1050,TL21,2025-05-06
Agent1051,TL22,2025-05-06
Agent1052,TL22,2025-05-07
Agent1053,TL22,2025-05-07
Agent1054,TL22,2025-05-07
Agent1055,TL22,2025-05-07
Agent1056,TL22,2025-05-07
Agent1057,TL22,2025-05-07
Agent1058,TL22,2025-05-07
Agent1059,TL22,2025-05-07
Agent1060,TL22,2025-05-07
Agent1061,TL22,2025-05-08
Agent1062,TL22,2025-05-08
Agent1063,TL22,2025-05-08
Agent1064,TL22,2025-05-08
Agent1065,TL22,2025-05-08
Agent1066,TL22,2025-05-08
Agent1067,TL22,2025-05-08
Agent1068,TL22,2025-05-08
Agent1069,TL22,2025-05-09
Agent1070,TL22,2025-05-09
Agent1071,TL22,2025-05-09
Agent1072,TL22,2025-05-09
Agent1073,TL22,2025-05-09
Agent1074,TL22,2025-05-09
Agent1075,TL22,2025-05-09
Agent1076,TL22,2025-05-09
Agent1077,TL22,2025-05-10
Agent1078,TL22,2025-05-10
Agent1079,TL22,2025-05-10
Agent1080,TL22,2025-05-10
Agent1081,TL22,2025-05-10
Agent1082,TL22,2025-05-10
Agent1083,TL22,2025-05-10
Agent1084,TL22,2025-05-10
Agent1085,TL22,2025-05-10
Agent1086,TL22,2025-05-11
Agent1087,TL22,2025-05-11
Agent1088,TL22,2025-05-11
Agent1089,TL22,2025-05-11
Agent1090,TL22,2025-05-11
Agent1091,TL22,2025-05-11
Agent1092,TL22,2025-05-11
Agent1093,TL22,2025-05-11
Agent1094,TL22,2025-05-12
Agent1095,TL22,2025-05-12
Agent1096,TL22,2025-05-12
Agent1097,TL22,2025-05-12
Agent1098,TL22,2025-05-12
Agent1099,TL22,2025-05-12
Agent1100,TL22,2025-05-12
Agent1101,TL23,2025-05-12
Agent1102,TL23,2025-05-12
Agent1103,TL23,2025-05-13
Agent1104,TL23,2025-05-13
Agent1105,TL23,2025-05-13
Agent1106,TL23,2025-05-13
Agent1107,TL23,2025-05-13
Agent1108,TL23,2025-05-13
Agent1109,TL23,2025-05-13
Agent1110,TL23,2025-05-13
Agent1111,TL23,2025-05-14
Agent1112,TL23,2025-05-14
Agent1113,TL23,2025-05-14
Agent1114,TL23,2025-05-14
Agent1115,TL23,2025-05-14
Agent1116,TL23,2025-05-14
Agent1117,TL23,2025-05-14
Agent1118,TL23,2025-05-14
Agent1119,TL23,2025-05-15
Agent1120,TL23,2025-05-15
Agent1121,TL23,2025-05-15
Agent1122,TL23,2025-05-15
Agent1123,TL23,2025-05-15
Agent1124,TL23,2025-05-15
Agent1125,TL23,2025-05-15
Agent1126,TL23,2025-05-15
Agent1127,TL23,2025-05-15
Agent1128,TL23,2025-05-16
Agent1129,TL23,2025-05-16
Agent1130,TL23,2025-05-16
Agent1131,TL23,2025-05-16
Agent1132,TL23,2025-05-16
Agent1133,TL23,2025-05-16
Agent1134,TL23,2025-05-16
Agent1135,TL23,2025-05-16
Agent1136,TL23,2025-05-17
Agent1137,TL23,2025-05-17
Agent1138,TL23,2025-05-17
Agent1139,TL23,2025-05-17
Agent1140,TL23,2025-05-17
Agent1141,TL23,2025-05-17
Agent1142,TL23,2025-05-17
Agent1143,TL23,2025-05-17
Agent1144,TL23,2025-05-18
Agent1145,TL23,2025-05-18
Agent1146,TL23,2025-05-18
Agent1147,TL23,2025-05-18
Agent1148,TL23,2025-05-18
Agent1149,TL23,2025-05-18
Agent1150,TL23,2025-05-18
Agent1151,TL24,2025-05-18
Agent1152,TL24,2025-05-18
Agent1153,TL24,2025-05-19
Agent1154,TL24,2025-05-19
Agent1155,TL24,2025-05-19
Agent1156,TL24,2025-05-19
Agent1157,TL24,2025-05-19
Agent1158,TL24,2025-05-19
Agent1159,TL24,2025-05-19
Agent1160,TL24,2025-05-19
Agent1161,TL24,2025-05-20
Agent1162,TL24,2025-05-20
Agent1163,TL24,2025-05-20
Agent1164,TL24,2025-05-20
Agent1165,TL24,2025-05-20
Agent1166,TL24,2025-05-20
Agent1167,TL24,2025-05-20
Agent1168,TL24,2025-05-20
Agent1169,TL24,2025-05-21
Agent1170,TL24,2025-05-21
Agent1171,TL24,2025-05-21
Agent1172,TL24,2025-05-21
Agent1173,TL24,2025-05-21
Agent1174,TL24,2025-05-21
Agent1175,TL24,2025-05-21
Agent1176,TL24,2025-05-21
Agent1177,TL24,2025-05-21
Agent1178,TL24,2025-05-22
Agent1179,TL24,2025-05-22
Agent1180,TL24,2025-05-22
Agent1181,TL24,2025-05-22
Agent1182,TL24,2025-05-22
Agent1183,TL24,2025-05-22
Agent1184,TL24,2025-05-22
Agent1185,TL24,2025-05-22
Agent1186,TL24,2025-05-23
Agent1187,TL24,2025-05-23
Agent1188,TL24,2025-05-23
Agent1189,TL24,2025-05-23
Agent1190,TL24,2025-05-23
Agent1191,TL24,2025-05-23
Agent1192,TL24,2025-05-23
Agent1193,TL24,2025-05-23
Agent1194,TL24,2025-05-24
Agent1195,TL24,2025-05-24
Agent1196,TL24,2025-05-24
Agent1197,TL24,2025-05-24
Agent1198,TL24,2025-05-24
Agent1199,TL24,2025-05-24
Agent1200,TL24,2025-05-24
Agent1201,TL25,2025-05-24
Agent1202,TL25,2025-05-24
Agent1203,TL25,2025-05-25
Agent1204,TL25,2025-05-25
Agent1205,TL25,2025-05-25
Agent1206,TL25,2025-05-25
Agent1207,TL25,2025-05-25
Agent1208,TL25,2025-05-25
Agent1209,TL25,2025-05-25
Agent1210,TL25,2025-05-25
Agent1211,TL25,2025-05-26
Agent1212,TL25,2025-05-26
Agent1213,TL25,2025-05-26
Agent1214,TL25,2025-05-26
Agent1215,TL25,2025-05-26
Agent1216,TL25,2025-05-26
Agent1217,TL25,2025-05-26
Agent1218,TL25,2025-05-26
Agent1219,TL25,2025-05-27
Agent1220,TL25,2025-05-27
Agent1221,TL25,2025-05-27
Agent1222,TL25,2025-05-27
Agent1223,TL25,2025-05-27
Agent1224,TL25,2025-05-27
Agent1225,TL25,2025-05-27
Agent1226,TL25,2025-05-27
Agent1227,TL25,2025-05-27
Agent1228,TL25,2025-05-28
Agent1229,TL25,2025-05-28
Agent1230,TL25,2025-05-28
Agent1231,TL25,2025-05-28
Agent1232,TL25,2025-05-28
Agent1233,TL25,2025-05-28
Agent1234,TL25,2025-05-28
Agent1235,TL25,2025-05-28
Agent1236,TL25,2025-05-29
Agent1237,TL25,2025-05-29
Agent1238,TL25,2025-05-29
Agent1239,TL25,2025-05-29
Agent1240,TL25,2025-05-29
Agent1241,TL25,2025-05-29
Agent1242,TL25,2025-05-29
Agent1243,TL25,2025-05-29
Agent1244,TL25,2025-05-30
Agent1245,TL25,2025-05-30
Agent1246,TL25,2025-05-30
Agent1247,TL25,2025-05-30
Agent1248,TL25,2025-05-30
Agent1249,TL25,2025-05-30
Agent1250,TL25,2025-05-30
Agent1251,TL26,2025-05-30
Agent1252,TL26,2025-05-30
Agent1253,TL26,2025-05-31
Agent1254,TL26,2025-05-31
Agent1255,TL26,2025-05-31
Agent1256,TL26,2025-05-31
Agent1257,TL26,2025-05-31
Agent1258,TL26,2025-05-31
Agent1259,TL26,2025-05-31
Agent1260,TL26,2025-05-31
Agent1261,TL26,2025-06-01
Agent1262,TL26,2025-06-01
Agent1263,TL26,2025-06-01
Agent1264,TL26,2025-06-01
Agent1265,TL26,2025-06-01
Agent1266,TL26,2025-06-01
Agent1267,TL26,2025-06-01
Agent1268,TL26,2025-06-01
Agent1269,TL26,2025-06-02
Agent1270,TL26,2025-06-02
Agent1271,TL26,2025-06-02
Agent1272,TL26,2025-06-02
Agent1273,TL26,2025-06-02
Agent1274,TL26,2025-06-02
Agent1275,TL26,2025-06-02
Agent1276,TL26,2025-06-02
Agent1277,TL26,2025-06-02
Agent1278,TL26,2025-06-03
Agent1279,TL26,2025-06-03
Agent1280,TL26,2025-06-03
Agent1281,TL26,2025-06-03
Agent1282,TL26,2025-06-03
Agent1283,TL26,2025-06-03
Agent1284,TL26,2025-06-03
Agent1285,TL26,2025-06-03
Agent1286,TL26,2025-06-04
Agent1287,TL26,2025-06-04
Agent1288,TL26,2025-06-04
Agent1289,TL26,2025-06-04
Agent1290,TL26,2025-06-04
Agent1291,TL26,2025-06-04
Agent1292,TL26,2025-06-04
Agent1293,TL26,2025-06-04
Agent1294,TL26,2025-06-05
Agent1295,TL26,2025-06-05
Agent1296,TL26,2025-06-05
Agent1297,TL26,2025-06-05
Agent1298,TL26,2025-06-05
Agent1299,TL26,2025-06-05
Agent1300,TL26,2025-06-05
Agent1301,TL27,2025-06-05
Agent1302,TL27,2025-06-05
Agent1303,TL27,2025-06-06
Agent1304,TL27,2025-06-06
Agent1305,TL27,2025-06-06
Agent1306,TL27,2025-06-06
Agent1307,TL27,2025-06-06
Agent1308,TL27,2025-06-06
Agent1309,TL27,2025-06-06
Agent1310,TL27,2025-06-06
Agent1311,TL27,2025-06-07
Agent1312,TL27,2025-06-07
Agent1313,TL27,2025-06-07
Agent1314,TL27,2025-06-07
Agent1315,TL27,2025-06-07
Agent1316,TL27,2025-06-07
Agent1317,TL27,2025-06-07
Agent1318,TL27,2025-06-07
Agent1319,TL27,2025-06-08
Agent1320,TL27,2025-06-08
Agent1321,TL27,2025-06-08
Agent1322,TL27,2025-06-08
Agent1323,TL27,2025-06-08
Agent1324,TL27,2025-06-08
Agent1325,TL27,2025-06-08
Agent1326,TL27,2025-06-08
Agent1327,TL27,2025-06-08
Agent1328,TL27,2025-06-09
Agent1329,TL27,2025-06-09
Agent1330,TL27,2025-06-09
Agent1331,TL27,2025-06-09
Agent1332,TL27,2025-06-09
Agent1333,TL27,2025-06-09
Agent1334,TL27,2025-06-09
Agent1335,TL27,2025-06-09
Agent1336,TL27,2025-06-10
Agent1337,TL27,2025-06-10
Agent1338,TL27,2025-06-10
Agent1339,TL27,2025-06-10
Agent1340,TL27,2025-06-10
Agent1341,TL27,2025-06-10
Agent1342,TL27,2025-06-10
Agent1343,TL27,2025-06-10
Agent1344,TL27,2025-06-11
Agent1345,TL27,2025-06-11
Agent1346,TL27,2025-06-11
Agent1347,TL27,2025-06-11
Agent1348,TL27,2025-06-11
Agent1349,TL27,2025-06-11
Agent1350,TL27,2025-06-11
Agent1351,TL28,2025-06-11
Agent1352,TL28,2025-06-11
Agent1353,TL28,2025-06-12
Agent1354,TL28,2025-06-12
Agent1355,TL28,2025-06-12
Agent1356,TL28,2025-06-12
Agent1357,TL28,2025-06-12
Agent1358,TL28,2025-06-12
Agent1359,TL28,2025-06-12
Agent1360,TL28,2025-06-12
Agent1361,TL28,2025-06-13
Agent1362,TL28,2025-06-13
Agent1363,TL28,2025-06-13
Agent1364,TL28,2025-06-13
Agent1365,TL28,2025-06-13
Agent1366,TL28,2025-06-13
Agent1367,TL28,2025-06-13
Agent1368,TL28,2025-06-13
Agent1369,TL28,2025-06-14
Agent1370,TL28,2025-06-14
Agent1371,TL28,2025-06-14
Agent1372,TL28,2025-06-14
Agent1373,TL28,2025-06-14
Agent1374,TL28,2025-06-14
Agent1375,TL28,2025-06-14
Agent1376,TL28,2025-06-14
Agent1377,TL28,2025-06-14
Agent1378,TL28,2025-06-15
Agent1379,TL28,2025-06-15
Agent1380,TL28,2025-06-15
Agent1381,TL28,2025-06-15
Agent1382,TL28,2025-06-15
Agent1383,TL28,2025-06-15
Agent1384,TL28,2025-06-15
Agent1385,TL28,2025-06-15
Agent1386,TL28,2025-06-16
Agent1387,TL28,2025-06-16
Agent1388,TL28,2025-06-16
Agent1389,TL28,2025-06-16
Agent1390,TL28,2025-06-16
Agent1391,TL28,2025-06-16
Agent1392,TL28,2025-06-16
Agent1393,TL28,2025-06-16
Agent1394,TL28,2025-06-17
Agent1395,TL28,2025-06-17
Agent1396,TL28,2025-06-17
Agent1397,TL28,2025-06-17
Agent1398,TL28,2025-06-17
Agent1399,TL28,2025-06-17
Agent1400,TL28,2025-06-17
Agent1401,TL29,2025-06-17
Agent1402,TL29,2025-06-17
Agent1403,TL29,2025-06-18
Agent1404,TL29,2025-06-18
Agent1405,TL29,2025-06-18
Agent1406,TL29,2025-06-18
Agent1407,TL29,2025-06-18
Agent1408,TL29,2025-06-18
Agent1409,TL29,2025-06-18
Agent1410,TL29,2025-06-18
Agent1411,TL29,2025-06-19
Agent1412,TL29,2025-06-19
Agent1413,TL29,2025-06-19
Agent1414,TL29,2025-06-19
Agent1415,TL29,2025-06-19
Agent1416,TL29,2025-06-19
Agent1417,TL29,2025-06-19
Agent1418,TL29,2025-06-19
Agent1419,TL29,2025-06-20
Agent1420,TL29,2025-06-20
Agent1421,TL29,2025-06-20
Agent1422,TL29,2025-06-20
Agent1423,TL29,2025-06-20
Agent1424,TL29,2025-06-20
Agent1425,TL29,2025-06-20
Agent1426,TL29,2025-06-20
Agent1427,TL29,2025-06-20
Agent1428,TL29,2025-06-21
Agent1429,TL29,2025-06-21
Agent1430,TL29,2025-06-21
Agent1431,TL29,2025-06-21
Agent1432,TL29,2025-06-21
Agent1433,TL29,2025-06-21
Agent1434,TL29,2025-06-21
Agent1435,TL29,2025-06-21
Agent1436,TL29,2025-06-22
Agent1437,TL29,2025-06-22
Agent1438,TL29,2025-06-22
Agent1439,TL29,2025-06-22
Agent1440,TL29,2025-06-22
Agent1441,TL29,2025-06-22
Agent1442,TL29,2025-06-22
Agent1443,TL29,2025-06-22
Agent1444,TL29,2025-06-23
Agent1445,TL29,2025-06-23
Agent1446,TL29,2025-06-23
Agent1447,TL29,2025-06-23
Agent1448,TL29,2025-06-23
Agent1449,TL29,2025-06-23
Agent1450,TL29,2025-06-23
Agent1451,TL30,2025-06-23
Agent1452,TL30,2025-06-23
Agent1453,TL30,2025-06-24
Agent1454,TL30,2025-06-24
Agent1455,TL30,2025-06-24
Agent1456,TL30,2025-06-24
Agent1457,TL30,2025-06-24
Agent1458,TL30,2025-06-24
Agent1459,TL30,2025-06-24
Agent1460,TL30,2025-06-24
Agent1461,TL30,2025-06-25
Agent1462,TL30,2025-06-25
Agent1463,TL30,2025-06-25
Agent1464,TL30,2025-06-25
Agent1465,TL30,2025-06-25
Agent1466,TL30,2025-06-25
Agent1467,TL30,2025-06-25
Agent1468,TL30,2025-06-25
Agent1469,TL30,2025-06-25
Agent1470,TL30,2025-06-26
Agent1471,TL30,2025-06-26
Agent1472,TL30,2025-06-26
Agent1473,TL30,2025-06-26
Agent1474,TL30,2025-06-26
Agent1475,TL30,2025-06-26
Agent1476,TL30,2025-06-26
Agent1477,TL30,2025-06-26
Agent1478,TL30,2025-06-27
Agent1479,TL30,2025-06-27
Agent1480,TL30,2025-06-27
Agent1481,TL30,2025-06-27
Agent1482,TL30,2025-06-27
Agent1483,TL30,2025-06-27
Agent1484,TL30,2025-06-27
Agent1485,TL30,2025-06-27
Agent1486,TL30,2025-06-28
Agent1487,TL30,2025-06-28
Agent1488,TL30,2025-06-28
Agent1489,TL30,2025-06-28
Agent1490,TL30,2025-06-28
Agent1491,TL30,2025-06-28
Agent1492,TL30,2025-06-28
Agent1493,TL30,2025-06-28
Agent1494,TL30,2025-06-28
Agent1495,TL30,2025-06-29
Agent1496,TL30,2025-06-29
Agent1497,TL30,2025-06-29
Agent1498,TL30,2025-06-29
Agent1499,TL30,2025-06-29
Agent1500,TL30,2025-06-29
Agent1501,TL31,2025-06-29
Agent1502,TL31,2025-06-29
Agent1503,TL31,2025-06-30
Agent1504,TL31,2025-06-30
Agent1505,TL31,2025-06-30
Agent1506,TL31,2025-06-30
Agent1507,TL31,2025-06-30
Agent1508,TL31,2025-06-30
Agent1509,TL31,2025-06-30
Agent1510,TL31,2025-06-30
Agent1511,TL31,2025-07-01
Agent1512,TL31,2025-07-01
Agent1513,TL31,2025-07-01
Agent1514,TL31,2025-07-01
Agent1515,TL31,2025-07-01
Agent1516,TL31,2025-07-01
Agent1517,TL31,2025-07-01
Agent1518,TL31,2025-07-01
Agent1519,TL31,2025-07-01
Agent1520,TL31,2025-07-02
Agent1521,TL31,2025-07-02
Agent1522,TL31,2025-07-02
Agent1523,TL31,2025-07-02
Agent1524,TL31,2025-07-02
Agent1525,TL31,2025-07-02
Agent1526,TL31,2025-07-02
Agent1527,TL31,2025-07-02
Agent1528,TL31,2025-07-03
Agent1529,TL31,2025-07-03
Agent1530,TL31,2025-07-03
Agent1531,TL31,2025-07-03
Agent1532,TL31,2025-07-03
Agent1533,TL31,2025-07-03
Agent1534,TL31,2025-07-03
Agent1535,TL31,2025-07-03
Agent1536,TL31,2025-07-04
Agent1537,TL31,2025-07-04
Agent1538,TL31,2025-07-04
Agent1539,TL31,2025-07-04
Agent1540,TL31,2025-07-04
Agent1541,TL31,2025-07-04
Agent1542,TL31,2025-07-04
Agent1543,TL31,2025-07-04
Agent1544,TL31,2025-07-04
Agent1545,TL31,2025-07-05
Agent1546,TL31,2025-07-05
Agent1547,TL31,2025-07-05
Agent1548,TL31,2025-07-05
Agent1549,TL31,2025-07-05
Agent1550,TL31,2025-07-05
Agent1551,TL32,2025-07-05
Agent1552,TL32,2025-07-05
Agent1553,TL32,2025-07-06
Agent1554,TL32,2025-07-06
Agent1555,TL32,2025-07-06
Agent1556,TL32,2025-07-06
Agent1557,TL32,2025-07-06
Agent1558,TL32,2025-07-06
Agent1559,TL32,2025-07-06
Agent1560,TL32,2025-07-06
Agent1561,TL32,2025-07-07
Agent1562,TL32,2025-07-07
Agent1563,TL32,2025-07-07
Agent1564,TL32,2025-07-07
Agent1565,TL32,2025-07-07
Agent1566,TL32,2025-07-07
Agent1567,TL32,2025-07-07
Agent1568,TL32,2025-07-07
Agent1569,TL32,2025-07-07
Agent1570,TL32,2025-07-08
Agent1571,TL32,2025-07-08
Agent1572,TL32,2025-07-08
Agent1573,TL32,2025-07-08
Agent1574,TL32,2025-07-08
Agent1575,TL32,2025-07-08
Agent1576,TL32,2025-07-08
Agent1577,TL32,2025-07-08
Agent1578,TL32,2025-07-09
Agent1579,TL32,2025-07-09
Agent1580,TL32,2025-07-09
Agent1581,TL32,2025-07-09
Agent1582,TL32,2025-07-09
Agent1583,TL32,2025-07-09
Agent1584,TL32,2025-07-09
Agent1585,TL32,2025-07-09
Agent1586,TL32,2025-07-10
Agent1587,TL32,2025-07-10
Agent1588,TL32,2025-07-10
Agent1589,TL32,2025-07-10
Agent1590,TL32,2025-07-10
Agent1591,TL32,2025-07-10
Agent1592,TL32,2025-07-10
Agent1593,TL32,2025-07-10
Agent1594,TL32,2025-07-10
Agent1595,TL32,2025-07-11
Agent1596,TL32,2025-07-11
Agent1597,TL32,2025-07-11
Agent1598,TL32,2025-07-11
Agent1599,TL32,2025-07-11
Agent1600,TL32,2025-07-11
Agent1601,TL33,2025-07-11
Agent1602,TL33,2025-07-11
Agent1603,TL33,2025-07-12
Agent1604,TL33,2025-07-12
Agent1605,TL33,2025-07-12
Agent1606,TL33,2025-07-12
Agent1607,TL33,2025-07-12
Agent1608,TL33,2025-07-12
Agent1609,TL33,2025-07-12
Agent1610,TL33,2025-07-12
Agent1611,TL33,2025-07-13
Agent1612,TL33,2025-07-13
Agent1613,TL33,2025-07-13
Agent1614,TL33,2025-07-13
Agent1615,TL33,2025-07-13
Agent1616,TL33,2025-07-13
Agent1617,TL33,2025-07-13
Agent1618,TL33,2025-07-13
Agent1619,TL33,2025-07-13
Agent1620,TL33,2025-07-14
Agent1621,TL33,2025-07-14
Agent1622,TL33,2025-07-14
Agent1623,TL33,2025-07-14
Agent1624,TL33,2025-07-14
Agent1625,TL33,2025-07-14
Agent1626,TL33,2025-07-14
Agent1627,TL33,2025-07-14
Agent1628,TL33,2025-07-15
Agent1629,TL33,2025-07-15
Agent1630,TL33,2025-07-15
Agent1631,TL33,2025-07-15
Agent1632,TL33,2025-07-15
Agent1633,TL33,2025-07-15
Agent1634,TL33,2025-07-15
Agent1635,TL33,2025-07-15
Agent1636,TL33,2025-07-16
Agent1637,TL33,2025-07-16
Agent1638,TL33,2025-07-16
Agent1639,TL33,2025-07-16
Agent1640,TL33,2025-07-16
Agent1641,TL33,2025-07-16
Agent1642,TL33,2025-07-16
Agent1643,TL33,2025-07-16
Agent1644,TL33,2025-07-16
Agent1645,TL33,2025-07-17
Agent1646,TL33,2025-07-17
Agent1647,TL33,2025-07-17
Agent1648,TL33,2025-07-17
Agent1649,TL33,2025-07-17
Agent1650,TL33,2025-07-17
Agent1651,TL34,2025-07-17
Agent1652,TL34,2025-07-17
Agent1653,TL34,2025-07-18
Agent1654,TL34,2025-07-18
Agent1655,TL34,2025-07-18
Agent1656,TL34,2025-07-18
Agent1657,TL34,2025-07-18
Agent1658,TL34,2025-07-18
Agent1659,TL34,2025-07-18
Agent1660,TL34,2025-07-18
Agent1661,TL34,2025-07-19
Agent1662,TL34,2025-07-19
Agent1663,TL34,2025-07-19
Agent1664,TL34,2025-07-19
Agent1665,TL34,2025-07-19
Agent1666,TL34,2025-07-19
Agent1667,TL34,2025-07-19
Agent1668,TL34,2025-07-19
Agent1669,TL34,2025-07-19
Agent1670,TL34,2025-07-20
Agent1671,TL34,2025-07-20
Agent1672,TL34,2025-07-20
Agent1673,TL34,2025-07-20
Agent1674,TL34,2025-07-20
Agent1675,TL34,2025-07-20
Agent1676,TL34,2025-07-20
Agent1677,TL34,2025-07-20
Agent1678,TL34,2025-07-21
Agent1679,TL34,2025-07-21
Agent1680,TL34,2025-07-21
Agent1681,TL34,2025-07-21
Agent1682,TL34,2025-07-21
Agent1683,TL34,2025-07-21
Agent1684,TL34,2025-07-21
Agent1685,TL34,2025-07-21
Agent1686,TL34,2025-07-22
Agent1687,TL34,2025-07-22
Agent1688,TL34,2025-07-22
Agent1689,TL34,2025-07-22
Agent1690,TL34,2025-07-22
Agent1691,TL34,2025-07-22
Agent1692,TL34,2025-07-22
Agent1693,TL34,2025-07-22
Agent1694,TL34,2025-07-22
Agent1695,TL34,2025-07-23
Agent1696,TL34,2025-07-23
Agent1697,TL34,2025-07-23
Agent1698,TL34,2025-07-23
Agent1699,TL34,2025-07-23
Agent1700,TL34,2025-07-23
Agent1701,TL35,2025-07-23
Agent1702,TL35,2025-07-23
Agent1703,TL35,2025-07-24
Agent1704,TL35,2025-07-24
Agent1705,TL35,2025-07-24
Agent1706,TL35,2025-07-24
Agent1707,TL35,2025-07-24
Agent1708,TL35,2025-07-24
Agent1709,TL35,2025-07-24
Agent1710,TL35,2025-07-24
Agent1711,TL35,2025-07-25
Agent1712,TL35,2025-07-25
Agent1713,TL35,2025-07-25
Agent1714,TL35,2025-07-25
Agent1715,TL35,2025-07-25
Agent1716,TL35,2025-07-25
Agent1717,TL35,2025-07-25
Agent1718,TL35,2025-07-25
Agent1719,TL35,2025-07-25
Agent1720,TL35,2025-07-26
Agent1721,TL35,2025-07-26
Agent1722,TL35,2025-07-26
Agent1723,TL35,2025-07-26
Agent1724,TL35,2025-07-26
Agent1725,TL35,2025-07-26
Agent1726,TL35,2025-07-26
Agent1727,TL35,2025-07-26
Agent1728,TL35,2025-07-27
Agent1729,TL35,2025-07-27
Agent1730,TL35,2025-07-27
Agent1731,TL35,2025-07-27
Agent1732,TL35,2025-07-27
Agent1733,TL35,2025-07-27
Agent1734,TL35,2025-07-27
Agent1735,TL35,2025-07-27
Agent1736,TL35,2025-07-28
Agent1737,TL35,2025-07-28
Agent1738,TL35,2025-07-28
Agent1739,TL35,2025-07-28
Agent1740,TL35,2025-07-28
Agent1741,TL35,2025-07-28
Agent1742,TL35,2025-07-28
Agent1743,TL35,2025-07-28
Agent1744,TL35,2025-07-28
Agent1745,TL35,2025-07-29
Agent1746,TL35,2025-07-29
Agent1747,TL35,2025-07-29
Agent1748,TL35,2025-07-29
Agent1749,TL35,2025-07-29
Agent1750,TL35,2025-07-29
Agent1751,TL36,2025-07-29
Agent1752,TL36,2025-07-29
Agent1753,TL36,2025-07-30
Agent1754,TL36,2025-07-30
Agent1755,TL36,2025-07-30
Agent1756,TL36,2025-07-30
Agent1757,TL36,2025-07-30
Agent1758,TL36,2025-07-30
Agent1759,TL36,2025-07-30
Agent1760,TL36,2025-07-30
Agent1761,TL36,2025-07-31
Agent1762,TL36,2025-07-31
Agent1763,TL36,2025-07-31
Agent1764,TL36,2025-07-31
Agent1765,TL36,2025-07-31
Agent1766,TL36,2025-07-31
Agent1767,TL36,2025-07-31
Agent1768,TL36,2025-07-31
Agent1769,TL36,2025-07-31
Agent1770,TL36,2025-08-01
Agent1771,TL36,2025-08-01
Agent1772,TL36,2025-08-01
Agent1773,TL36,2025-08-01
Agent1774,TL36,2025-08-01
Agent1775,TL36,2025-08-01
Agent1776,TL36,2025-08-01
Agent1777,TL36,2025-08-01
Agent1778,TL36,2025-08-02
Agent1779,TL36,2025-08-02
Agent1780,TL36,2025-08-02
Agent1781,TL36,2025-08-02
Agent1782,TL36,2025-08-02
Agent1783,TL36,2025-08-02
Agent1784,TL36,2025-08-02
Agent1785,TL36,2025-08-02
Agent1786,TL36,2025-08-03
Agent1787,TL36,2025-08-03
Agent1788,TL36,2025-08-03
Agent1789,TL36,2025-08-03
Agent1790,TL36,2025-08-03
Agent1791,TL36,2025-08-03
Agent1792,TL36,2025-08-03
Agent1793,TL36,2025-08-03
Agent1794,TL36,2025-08-03
Agent1795,TL36,2025-08-04
Agent1796,TL36,2025-08-04
Agent1797,TL36,2025-08-04
Agent1798,TL36,2025-08-04
Agent1799,TL36,2025-08-04
Agent1800,TL36,2025-08-04
Agent1801,TL37,2025-08-04
Agent1802,TL37,2025-08-04
Agent1803,TL37,2025-08-05
Agent1804,TL37,2025-08-05
Agent1805,TL37,2025-08-05
Agent1806,TL37,2025-08-05
Agent1807,TL37,2025-08-05
Agent1808,TL37,2025-08-05
Agent1809,TL37,2025-08-05
Agent1810,TL37,2025-08-05
Agent1811,TL37,2025-08-06
Agent1812,TL37,2025-08-06
Agent1813,TL37,2025-08-06
Agent1814,TL37,2025-08-06
Agent1815,TL37,2025-08-06
Agent1816,TL37,2025-08-06
Agent1817,TL37,2025-08-06
Agent1818,TL37,2025-08-06
Agent1819,TL37,2025-08-06
Agent1820,TL37,2025-08-07
Agent1821,TL37,2025-08-07
Agent1822,TL37,2025-08-07
Agent1823,TL37,2025-08-07
Agent1824,TL37,2025-08-07
Agent1825,TL37,2025-08-07
Agent1826,TL37,2025-08-07
Agent1827,TL37,2025-08-07
Agent1828,TL37,2025-08-08
Agent1829,TL37,2025-08-08
Agent1830,TL37,2025-08-08
Agent1831,TL37,2025-08-08
Agent1832,TL37,2025-08-08
Agent1833,TL37,2025-08-08
Agent1834,TL37,2025-08-08
Agent1835,TL37,2025-08-08
Agent1836,TL37,2025-08-08
Agent1837,TL37,2025-08-09
Agent1838,TL37,2025-08-09
Agent1839,TL37,2025-08-09
Agent1840,TL37,2025-08-09
Agent1841,TL37,2025-08-09
Agent1842,TL37,2025-08-09
Agent1843,TL37,2025-08-09
Agent1844,TL37,2025-08-09
Agent1845,TL37,2025-08-10
Agent1846,TL37,2025-08-10
Agent1847,TL37,2025-08-10
Agent1848,TL37,2025-08-10
Agent1849,TL37,2025-08-10
Agent1850,TL37,2025-08-10
Agent1851,TL38,2025-08-10
Agent1852,TL38,2025-08-10
Agent1853,TL38,2025-08-11
Agent1854,TL38,2025-08-11
Agent1855,TL38,2025-08-11
Agent1856,TL38,2025-08-11
Agent1857,TL38,2025-08-11
Agent1858,TL38,2025-08-11
Agent1859,TL38,2025-08-11
Agent1860,TL38,2025-08-11
Agent1861,TL38,2025-08-11
Agent1862,TL38,2025-08-12
Agent1863,TL38,2025-08-12
Agent1864,TL38,2025-08-12
Agent1865,TL38,2025-08-12
Agent1866,TL38,2025-08-12
Agent1867,TL38,2025-08-12
Agent1868,TL38,2025-08-12
Agent1869,TL38,2025-08-12
Agent1870,TL38,2025-08-13
Agent1871,TL38,2025-08-13
Agent1872,TL38,2025-08-13
Agent1873,TL38,2025-08-13
Agent1874,TL38,2025-08-13
Agent1875,TL38,2025-08-13
Agent1876,TL38,2025-08-13
Agent1877,TL38,2025-08-13
Agent1878,TL38,2025-08-14
Agent1879,TL38,2025-08-14
Agent1880,TL38,2025-08-14
Agent1881,TL38,2025-08-14
Agent1882,TL38,2025-08-14
Agent1883,TL38,2025-08-14
Agent1884,TL38,2025-08-14
Agent1885,TL38,2025-08-14
Agent1886,TL38,2025-08-14
Agent1887,TL38,2025-08-15
Agent1888,TL38,2025-08-15
Agent1889,TL38,2025-08-15
Agent1890,TL38,2025-08-15
Agent1891,TL38,2025-08-15
Agent1892,TL38,2025-08-15
Agent1893,TL38,2025-08-15
Agent1894,TL38,2025-08-15
Agent1895,TL38,2025-08-16
Agent1896,TL38,2025-08-16
Agent1897,TL38,2025-08-16
Agent1898,TL38,2025-08-16
Agent1899,TL38,2025-08-16
Agent1900,TL38,2025-08-16
Agent1901,TL39,2025-08-16
Agent1902,TL39,2025-08-16
Agent1903,TL39,2025-08-17
Agent1904,TL39,2025-08-17
Agent1905,TL39,2025-08-17
Agent1906,TL39,2025-08-17
Agent1907,TL39,2025-08-17
Agent1908,TL39,2025-08-17
Agent1909,TL39,2025-08-17
Agent1910,TL39,2025-08-17
Agent1911,TL39,2025-08-17
Agent1912,TL39,2025-08-18
Agent1913,TL39,2025-08-18
Agent1914,TL39,2025-08-18
Agent1915,TL39,2025-08-18
Agent1916,TL39,2025-08-18
Agent1917,TL39,2025-08-18
Agent1918,TL39,2025-08-18
Agent1919,TL39,2025-08-18
Agent1920,TL39,2025-08-19
Agent1921,TL39,2025-08-19
Agent1922,TL39,2025-08-19
Agent1923,TL39,2025-08-19
Agent1924,TL39,2025-08-19
Agent1925,TL39,2025-08-19
Agent1926,TL39,2025-08-19
Agent1927,TL39,2025-08-19
Agent1928,TL39,2025-08-20
Agent1929,TL39,2025-08-20
Agent1930,TL39,2025-08-20
Agent1931,TL39,2025-08-20
Agent1932,TL39,2025-08-20
Agent1933,TL39,2025-08-20
Agent1934,TL39,2025-08-20
Agent1935,TL39,2025-08-20
Agent1936,TL39,2025-08-20
Agent1937,TL39,2025-08-21
Agent1938,TL39,2025-08-21
Agent1939,TL39,2025-08-21
Agent1940,TL39,2025-08-21
Agent1941,TL39,2025-08-21
Agent1942,TL39,2025-08-21
Agent1943,TL39,2025-08-21
Agent1944,TL39,2025-08-21
Agent1945,TL39,2025-08-22
Agent1946,TL39,2025-08-22
Agent1947,TL39,2025-08-22
Agent1948,TL39,2025-08-22
Agent1949,TL39,2025-08-22
Agent1950,TL39,2025-08-22
Agent1951,TL40,2025-08-22
Agent1952,TL40,2025-08-22
Agent1953,TL40,2025-08-23
Agent1954,TL40,2025-08-23
Agent1955,TL40,2025-08-23
Agent1956,TL40,2025-08-23
Agent1957,TL40,2025-08-23
Agent1958,TL40,2025-08-23
Agent1959,TL40,2025-08-23
Agent1960,TL40,2025-08-23
Agent1961,TL40,2025-08-23
Agent1962,TL40,2025-08-24
Agent1963,TL40,2025-08-24
Agent1964,TL40,2025-08-24
Agent1965,TL40,2025-08-24
Agent1966,TL40,2025-08-24
Agent1967,TL40,2025-08-24
Agent1968,TL40,2025-08-24
Agent1969,TL40,2025-08-24
Agent1970,TL40,2025-08-25
Agent1971,TL40,2025-08-25
Agent1972,TL40,2025-08-25
Agent1973,TL40,2025-08-25
Agent1974,TL40,2025-08-25
Agent1975,TL40,2025-08-25
Agent1976,TL40,2025-08-25
Agent1977,TL40,2025-08-25
Agent1978,TL40,2025-08-26
Agent1979,TL40,2025-08-26
Agent1980,TL40,2025-08-26
Agent1981,TL40,2025-08-26
Agent1982,TL40,2025-08-26
Agent1983,TL40,2025-08-26
Agent1984,TL40,2025-08-26
Agent1985,TL40,2025-08-26
Agent1986,TL40,2025-08-26
Agent1987,TL40,2025-08-27
Agent1988,TL40,2025-08-27
Agent1989,TL40,2025-08-27
Agent1990,TL40,2025-08-27
Agent1991,TL40,2025-08-27
Agent1992,TL40,2025-08-27
Agent1993,TL40,2025-08-27
Agent1994,TL40,2025-08-27
Agent1995,TL40,2025-08-28
Agent1996,TL40,2025-08-28
Agent1997,TL40,2025-08-28
Agent1998,TL40,2025-08-28
Agent1999,TL40,2025-08-28
Agent2000,TL40,2025-08-28
Agent2001,TL41,2025-08-28
Agent2002,TL41,2025-08-28
Agent2003,TL41,2025-08-29
Agent2004,TL41,2025-08-29
Agent2005,TL41,2025-08-29
Agent2006,TL41,2025-08-29
Agent2007,TL41,2025-08-29
Agent2008,TL41,2025-08-29
Agent2009,TL41,2025-08-29
Agent2010,TL41,2025-08-29
Agent2011,TL41,2025-08-29
Agent2012,TL41,2025-08-30
Agent2013,TL41,2025-08-30
Agent2014,TL41,2025-08-30
Agent2015,TL41,2025-08-30
Agent2016,TL41,2025-08-30
Agent2017,TL41,2025-08-30
Agent2018,TL41,2025-08-30
Agent2019,TL41,2025-08-30
Agent2020,TL41,2025-08-31
Agent2021,TL41,2025-08-31
Agent2022,TL41,2025-08-31
Agent2023,TL41,2025-08-31
Agent2024,TL41,2025-08-31
Agent2025,TL41,2025-08-31
Agent2026,TL41,2025-08-31
Agent2027,TL41,2025-08-31
Agent2028,TL41,2025-09-01
Agent2029,TL41,2025-09-01
Agent2030,TL41,2025-09-01
Agent2031,TL41,2025-09-01
Agent2032,TL41,2025-09-01
Agent2033,TL41,2025-09-01
Agent2034,TL41,2025-09-01
Agent2035,TL41,2025-09-01
Agent2036,TL41,2025-09-01
Agent2037,TL41,2025-09-02
Agent2038,TL41,2025-09-02
Agent2039,TL41,2025-09-02
Agent2040,TL41,2025-09-02
Agent2041,TL41,2025-09-02
Agent2042,TL41,2025-09-02
Agent2043,TL41,2025-09-02
Agent2044,TL41,2025-09-02
Agent2045,TL41,2025-09-03
Agent2046,TL41,2025-09-03
Agent2047,TL41,2025-09-03
Agent2048,TL41,2025-09-03
Agent2049,TL41,2025-09-03
Agent2050,TL41,2025-09-03
Agent2051,TL42,2025-09-03
Agent2052,TL42,2025-09-03
Agent2053,TL42,2025-09-04
Agent2054,TL42,2025-09-04
Agent2055,TL42,2025-09-04
Agent2056,TL42,2025-09-04
Agent2057,TL42,2025-09-04
Agent2058,TL42,2025-09-04
Agent2059,TL42,2025-09-04
Agent2060,TL42,2025-09-04
Agent2061,TL42,2025-09-04
Agent2062,TL42,2025-09-05
Agent2063,TL42,2025-09-05
Agent2064,TL42,2025-09-05
Agent2065,TL42,2025-09-05
Agent2066,TL42,2025-09-05
Agent2067,TL42,2025-09-05
Agent2068,TL42,2025-09-05
Agent2069,TL42,2025-09-05
Agent2070,TL42,2025-09-06
Agent2071,TL42,2025-09-06
Agent2072,TL42,2025-09-06
Agent2073,TL42,2025-09-06
Agent2074,TL42,2025-09-06
Agent2075,TL42,2025-09-06
Agent2076,TL42,2025-09-06
Agent2077,TL42,2025-09-06
Agent2078,TL42,2025-09-07
Agent2079,TL42,2025-09-07
Agent2080,TL42,2025-09-07
Agent2081,TL42,2025-09-07
Agent2082,TL42,2025-09-07
Agent2083,TL42,2025-09-07
Agent2084,TL42,2025-09-07
Agent2085,TL42,2025-09-07
Agent2086,TL42,2025-09-07
Agent2087,TL42,2025-09-08
Agent2088,TL42,2025-09-08
Agent2089,TL42,2025-09-08
Agent2090,TL42,2025-09-08
Agent2091,TL42,2025-09-08
Agent2092,TL42,2025-09-08
Agent2093,TL42,2025-09-08
Agent2094,TL42,2025-09-08
Agent2095,TL42,2025-09-09
Agent2096,TL42,2025-09-09
Agent2097,TL42,2025-09-09
Agent2098,TL42,2025-09-09
Agent2099,TL42,2025-09-09
Agent2100,TL42,2025-09-09
Agent2101,TL43,2025-09-09
Agent2102,TL43,2025-09-09
Agent2103,TL43,2025-09-10
Agent2104,TL43,2025-09-10
Agent2105,TL43,2025-09-10
Agent2106,TL43,2025-09-10
Agent2107,TL43,2025-09-10
Agent2108,TL43,2025-09-10
Agent2109,TL43,2025-09-10
Agent2110,TL43,2025-09-10
Agent2111,TL43,2025-09-10
Agent2112,TL43,2025-09-11
Agent2113,TL43,2025-09-11
Agent2114,TL43,2025-09-11
Agent2115,TL43,2025-09-11
Agent2116,TL43,2025-09-11
Agent2117,TL43,2025-09-11
Agent2118,TL43,2025-09-11
Agent2119,TL43,2025-09-11
Agent2120,TL43,2025-09-12
Agent2121,TL43,2025-09-12
Agent2122,TL43,2025-09-12
Agent2123,TL43,2025-09-12
Agent2124,TL43,2025-09-12
Agent2125,TL43,2025-09-12
Agent2126,TL43,2025-09-12
Agent2127,TL43,2025-09-12
Agent2128,TL43,2025-09-13
Agent2129,TL43,2025-09-13
Agent2130,TL43,2025-09-13
Agent2131,TL43,2025-09-13
Agent2132,TL43,2025-09-13
Agent2133,TL43,2025-09-13
Agent2134,TL43,2025-09-13
Agent2135,TL43,2025-09-13
Agent2136,TL43,2025-09-13
Agent2137,TL43,2025-09-14
Agent2138,TL43,2025-09-14
Agent2139,TL43,2025-09-14
Agent2140,TL43,2025-09-14
Agent2141,TL43,2025-09-14
Agent2142,TL43,2025-09-14
Agent2143,TL43,2025-09-14
Agent2144,TL43,2025-09-14
Agent2145,TL43,2025-09-15
Agent2146,TL43,2025-09-15
Agent2147,TL43,2025-09-15
Agent2148,TL43,2025-09-15
Agent2149,TL43,2025-09-15
Agent2150,TL43,2025-09-15
Agent2151,TL44,2025-09-15
Agent2152,TL44,2025-09-15
Agent2153,TL44,2025-09-16
Agent2154,TL44,2025-09-16
Agent2155,TL44,2025-09-16
Agent2156,TL44,2025-09-16
Agent2157,TL44,2025-09-16
Agent2158,TL44,2025-09-16
Agent2159,TL44,2025-09-16
Agent2160,TL44,2025-09-16
Agent2161,TL44,2025-09-16
Agent2162,TL44,2025-09-17
Agent2163,TL44,2025-09-17
Agent2164,TL44,2025-09-17
Agent2165,TL44,2025-09-17
Agent2166,TL44,2025-09-17
Agent2167,TL44,2025-09-17
Agent2168,TL44,2025-09-17
Agent2169,TL44,2025-09-17
Agent2170,TL44,2025-09-18
Agent2171,TL44,2025-09-18
Agent2172,TL44,2025-09-18
Agent2173,TL44,2025-09-18
Agent2174,TL44,2025-09-18
Agent2175,TL44,2025-09-18
Agent2176,TL44,2025-09-18
Agent2177,TL44,2025-09-18
Agent2178,TL44,2025-09-19
Agent2179,TL44,2025-09-19
Agent2180,TL44,2025-09-19
Agent2181,TL44,2025-09-19
Agent2182,TL44,2025-09-19
Agent2183,TL44,2025-09-19
Agent2184,TL44,2025-09-19
Agent2185,TL44,2025-09-19
Agent2186,TL44,2025-09-19
Agent2187,TL44,2025-09-20
Agent2188,TL44,2025-09-20
Agent2189,TL44,2025-09-20
Agent2190,TL44,2025-09-20
Agent2191,TL44,2025-09-20
Agent2192,TL44,2025-09-20
Agent2193,TL44,2025-09-20
Agent2194,TL44,2025-09-20
Agent2195,TL44,2025-09-21
Agent2196,TL44,2025-09-21
Agent2197,TL44,2025-09-21
Agent2198,TL44,2025-09-21
Agent2199,TL44,2025-09-21
Agent2200,TL44,2025-09-21
Agent2201,TL45,2025-09-21
Agent2202,TL45,2025-09-21
Agent2203,TL45,2025-09-21
Agent2204,TL45,2025-09-22
Agent2205,TL45,2025-09-22
Agent2206,TL45,2025-09-22
Agent2207,TL45,2025-09-22
Agent2208,TL45,2025-09-22
Agent2209,TL45,2025-09-22
Agent2210,TL45,2025-09-22
Agent2211,TL45,2025-09-22
Agent2212,TL45,2025-09-23
Agent2213,TL45,2025-09-23
Agent2214,TL45,2025-09-23
Agent2215,TL45,2025-09-23
Agent2216,TL45,2025-09-23
Agent2217,TL45,2025-09-23
Agent2218,TL45,2025-09-23
Agent2219,TL45,2025-09-23
Agent2220,TL45,2025-09-24
Agent2221,TL45,2025-09-24
Agent2222,TL45,2025-09-24
Agent2223,TL45,2025-09-24
Agent2224,TL45,2025-09-24
Agent2225,TL45,2025-09-24
Agent2226,TL45,2025-09-24
Agent2227,TL45,2025-09-24
Agent2228,TL45,2025-09-24
Agent2229,TL45,2025-09-25
Agent2230,TL45,2025-09-25
Agent2231,TL45,2025-09-25
Agent2232,TL45,2025-09-25
Agent2233,TL45,2025-09-25
Agent2234,TL45,2025-09-25
Agent2235,TL45,2025-09-25
Agent2236,TL45,2025-09-25
Agent2237,TL45,2025-09-26
Agent2238,TL45,2025-09-26
Agent2239,TL45,2025-09-26
Agent2240,TL45,2025-09-26
Agent2241,TL45,2025-09-26
Agent2242,TL45,2025-09-26
Agent2243,TL45,2025-09-26
Agent2244,TL45,2025-09-26
Agent2245,TL45,2025-09-27
Agent2246,TL45,2025-09-27
Agent2247,TL45,2025-09-27
Agent2248,TL45,2025-09-27
Agent2249,TL45,2025-09-27
Agent2250,TL45,2025-09-27
Agent2251,TL46,2025-09-27
Agent2252,TL46,2025-09-27
Agent2253,TL46,2025-09-27
Agent2254,TL46,2025-09-28
Agent2255,TL46,2025-09-28
Agent2256,TL46,2025-09-28
Agent2257,TL46,2025-09-28
Agent2258,TL46,2025-09-28
Agent2259,TL46,2025-09-28
Agent2260,TL46,2025-09-28
Agent2261,TL46,2025-09-28
Agent2262,TL46,2025-09-29
Agent2263,TL46,2025-09-29
Agent2264,TL46,2025-09-29
Agent2265,TL46,2025-09-29
Agent2266,TL46,2025-09-29
Agent2267,TL46,2025-09-29
Agent2268,TL46,2025-09-29
Agent2269,TL46,2025-09-29
Agent2270,TL46,2025-09-30
Agent2271,TL46,2025-09-30
Agent2272,TL46,2025-09-30
Agent2273,TL46,2025-09-30
Agent2274,TL46,2025-09-30
Agent2275,TL46,2025-09-30
Agent2276,TL46,2025-09-30
Agent2277,TL46,2025-09-30
Agent2278,TL46,2025-09-30
Agent2279,TL46,2025-10-01
Agent2280,TL46,2025-10-01
Agent2281,TL46,2025-10-01
Agent2282,TL46,2025-10-01
Agent2283,TL46,2025-10-01
Agent2284,TL46,2025-10-01
Agent2285,TL46,2025-10-01
Agent2286,TL46,2025-10-01
Agent2287,TL46,2025-10-02
Agent2288,TL46,2025-10-02
Agent2289,TL46,2025-10-02
Agent2290,TL46,2025-10-02
Agent2291,TL46,2025-10-02
Agent2292,TL46,2025-10-02
Agent2293,TL46,2025-10-02
Agent2294,TL46,2025-10-02
Agent2295,TL46,2025-10-03
Agent2296,TL46,2025-10-03
Agent2297,TL46,2025-10-03
Agent2298,TL46,2025-10-03
Agent2299,TL46,2025-10-03
Agent2300,TL46,2025-10-03
Agent2301,TL47,2025-10-03
Agent2302,TL47,2025-10-03
Agent2303,TL47,2025-10-03
Agent2304,TL47,2025-10-04
Agent2305,TL47,2025-10-04
Agent2306,TL47,2025-10-04
Agent2307,TL47,2025-10-04
Agent2308,TL47,2025-10-04
Agent2309,TL47,2025-10-04
Agent2310,TL47,2025-10-04
Agent2311,TL47,2025-10-04
Agent2312,TL47,2025-10-05
Agent2313,TL47,2025-10-05
Agent2314,TL47,2025-10-05
Agent2315,TL47,2025-10-05
Agent2316,TL47,2025-10-05
Agent2317,TL47,2025-10-05
Agent2318,TL47,2025-10-05
Agent2319,TL47,2025-10-05
Agent2320,TL47,2025-10-06
Agent2321,TL47,2025-10-06
Agent2322,TL47,2025-10-06
Agent2323,TL47,2025-10-06
Agent2324,TL47,2025-10-06
Agent2325,TL47,2025-10-06
Agent2326,TL47,2025-10-06
Agent2327,TL47,2025-10-06
Agent2328,TL47,2025-10-06
Agent2329,TL47,2025-10-07
Agent2330,TL47,2025-10-07
Agent2331,TL47,2025-10-07
Agent2332,TL47,2025-10-07
Agent2333,TL47,2025-10-07
Agent2334,TL47,2025-10-07
Agent2335,TL47,2025-10-07
Agent2336,TL47,2025-10-07
Agent2337,TL47,2025-10-08
Agent2338,TL47,2025-10-08
Agent2339,TL47,2025-10-08
Agent2340,TL47,2025-10-08
Agent2341,TL47,2025-10-08
Agent2342,TL47,2025-10-08
Agent2343,TL47,2025-10-08
Agent2344,TL47,2025-10-08
Agent2345,TL47,2025-10-09
Agent2346,TL47,2025-10-09
Agent2347,TL47,2025-10-09
Agent2348,TL47,2025-10-09
Agent2349,TL47,2025-10-09
Agent2350,TL47,2025-10-09
Agent2351,TL48,2025-10-09
Agent2352,TL48,2025-10-09
Agent2353,TL48,2025-10-09
Agent2354,TL48,2025-10-10
Agent2355,TL48,2025-10-10
Agent2356,TL48,2025-10-10
Agent2357,TL48,2025-10-10
Agent2358,TL48,2025-10-10
Agent2359,TL48,2025-10-10
Agent2360,TL48,2025-10-10
Agent2361,TL48,2025-10-10
Agent2362,TL48,2025-10-11
Agent2363,TL48,2025-10-11
Agent2364,TL48,2025-10-11
Agent2365,TL48,2025-10-11
Agent2366,TL48,2025-10-11
Agent2367,TL48,2025-10-11
Agent2368,TL48,2025-10-11
Agent2369,TL48,2025-10-11
Agent2370,TL48,2025-10-12
Agent2371,TL48,2025-10-12
Agent2372,TL48,2025-10-12
Agent2373,TL48,2025-10-12
Agent2374,TL48,2025-10-12
Agent2375,TL48,2025-10-12
Agent2376,TL48,2025-10-12
Agent2377,TL48,2025-10-12
Agent2378,TL48,2025-10-12
Agent2379,TL48,2025-10-13
Agent2380,TL48,2025-10-13
Agent2381,TL48,2025-10-13
Agent2382,TL48,2025-10-13
Agent2383,TL48,2025-10-13
Agent2384,TL48,2025-10-13
Agent2385,TL48,2025-10-13
Agent2386,TL48,2025-10-13
Agent2387,TL48,2025-10-14
Agent2388,TL48,2025-10-14
Agent2389,TL48,2025-10-14
Agent2390,TL48,2025-10-14
Agent2391,TL48,2025-10-14
Agent2392,TL48,2025-10-14
Agent2393,TL48,2025-10-14
Agent2394,TL48,2025-10-14
Agent2395,TL48,2025-10-15
Agent2396,TL48,2025-10-15
Agent2397,TL48,2025-10-15
Agent2398,TL48,2025-10-15
Agent2399,TL48,2025-10-15
Agent2400,TL48,2025-10-15
Agent2401,TL49,2025-10-15
Agent2402,TL49,2025-10-15
Agent2403,TL49,2025-10-15
Agent2404,TL49,2025-10-16
Agent2405,TL49,2025-10-16
Agent2406,TL49,2025-10-16
Agent2407,TL49,2025-10-16
Agent2408,TL49,2025-10-16
Agent2409,TL49,2025-10-16
Agent2410,TL49,2025-10-16
Agent2411,TL49,2025-10-16
Agent2412,TL49,2025-10-17
Agent2413,TL49,2025-10-17
Agent2414,TL49,2025-10-17
Agent2415,TL49,2025-10-17
Agent2416,TL49,2025-10-17
Agent2417,TL49,2025-10-17
Agent2418,TL49,2025-10-17
Agent2419,TL49,2025-10-17
Agent2420,TL49,2025-10-18
Agent2421,TL49,2025-10-18
Agent2422,TL49,2025-10-18
Agent2423,TL49,2025-10-18
Agent2424,TL49,2025-10-18
Agent2425,TL49,2025-10-18
Agent2426,TL49,2025-10-18
Agent2427,TL49,2025-10-18
Agent2428,TL49,2025-10-18
Agent2429,TL49,2025-10-19
Agent2430,TL49,2025-10-19
Agent2431,TL49,2025-10-19
Agent2432,TL49,2025-10-19
Agent2433,TL49,2025-10-19
Agent2434,TL49,2025-10-19
Agent2435,TL49,2025-10-19
Agent2436,TL49,2025-10-19
Agent2437,TL49,2025-10-20
Agent2438,TL49,2025-10-20
Agent2439,TL49,2025-10-20
Agent2440,TL49,2025-10-20
Agent2441,TL49,2025-10-20
Agent2442,TL49,2025-10-20
Agent2443,TL49,2025-10-20
Agent2444,TL49,2025-10-20
Agent2445,TL49,2025-10-21
Agent2446,TL49,2025-10-21
Agent2447,TL49,2025-10-21
Agent2448,TL49,2025-10-21
Agent2449,TL49,2025-10-21
Agent2450,TL49,2025-10-21
Agent2451,TL50,2025-10-21
Agent2452,TL50,2025-10-21
Agent2453,TL50,2025-10-21
Agent2454,TL50,2025-10-22
Agent2455,TL50,2025-10-22
Agent2456,TL50,2025-10-22
Agent2457,TL50,2025-10-22
Agent2458,TL50,2025-10-22
Agent2459,TL50,2025-10-22
Agent2460,TL50,2025-10-22
Agent2461,TL50,2025-10-22
Agent2462,TL50,2025-10-23
Agent2463,TL50,2025-10-23
Agent2464,TL50,2025-10-23
Agent2465,TL50,2025-10-23
Agent2466,TL50,2025-10-23
Agent2467,TL50,2025-10-23
Agent2468,TL50,2025-10-23
Agent2469,TL50,2025-10-23
Agent2470,TL50,2025-10-24
Agent2471,TL50,2025-10-24
Agent2472,TL50,2025-10-24
Agent2473,TL50,2025-10-24
Agent2474,TL50,2025-10-24
Agent2475,TL50,2025-10-24
Agent2476,TL50,2025-10-24
Agent2477,TL50,2025-10-24
Agent2478,TL50,2025-10-24
Agent2479,TL50,2025-10-25
Agent2480,TL50,2025-10-25
Agent2481,TL50,2025-10-25
Agent2482,TL50,2025-10-25
Agent2483,TL50,2025-10-25
Agent2484,TL50,2025-10-25
Agent2485,TL50,2025-10-25
Agent2486,TL50,2025-10-25
Agent2487,TL50,2025-10-26
Agent2488,TL50,2025-10-26
Agent2489,TL50,2025-10-26
Agent2490,TL50,2025-10-26
Agent2491,TL50,2025-10-26
Agent2492,TL50,2025-10-26
Agent2493,TL50,2025-10-26
Agent2494,TL50,2025-10-26
Agent2495,TL50,2025-10-27
Agent2496,TL50,2025-10-27
Agent2497,TL50,2025-10-27
Agent2498,TL50,2025-10-27
Agent2499,TL50,2025-10-27
Agent2500,TL50,2025-10-27
Agent2501,TL51,2025-10-27
Agent2502,TL51,2025-10-27
Agent2503,TL51,2025-10-27
Agent2504,TL51,2025-10-28
Agent2505,TL51,2025-10-28
Agent2506,TL51,2025-10-28
Agent2507,TL51,2025-10-28
Agent2508,TL51,2025-10-28
Agent2509,TL51,2025-10-28
Agent2510,TL51,2025-10-28
Agent2511,TL51,2025-10-28
Agent2512,TL51,2025-10-29
Agent2513,TL51,2025-10-29
Agent2514,TL51,2025-10-29
Agent2515,TL51,2025-10-29
Agent2516,TL51,2025-10-29
Agent2517,TL51,2025-10-29
Agent2518,TL51,2025-10-29
Agent2519,TL51,2025-10-29
Agent2520,TL51,2025-10-30
Agent2521,TL51,2025-10-30
Agent2522,TL51,2025-10-30
Agent2523,TL51,2025-10-30
Agent2524,TL51,2025-10-30
Agent2525,TL51,2025-10-30
Agent2526,TL51,2025-10-30
Agent2527,TL51,2025-10-30
Agent2528,TL51,2025-10-30
Agent2529,TL51,2025-10-31
Agent2530,TL51,2025-10-31
Agent2531,TL51,2025-10-31
Agent2532,TL51,2025-10-31
Agent2533,TL51,2025-10-31
Agent2534,TL51,2025-10-31
Agent2535,TL51,2025-10-31
Agent2536,TL51,2025-10-31
Agent2537,TL51,2025-11-01
Agent2538,TL51,2025-11-01
Agent2539,TL51,2025-11-01
Agent2540,TL51,2025-11-01
Agent2541,TL51,2025-11-01
Agent2542,TL51,2025-11-01
Agent2543,TL51,2025-11-01
Agent2544,TL51,2025-11-01
